Title-Code,Title Name,Hindi Title,Register Serial No,Regn No.,Owner Name,State,Publication City/District,Periodity
NOF00027,BANGALORE KI AWAZ,बैंगलोर की आवाज़,58035.0,58035/,NOT GIVEN,nan,nan,nan
ANDENG00167,HAMARI AWAZ,हमारी आवाज़,4732.0,4732/ 59,K . P. GANESH,AND,PORT BLAIR/ SOUTH ANDAMAN,F
ANDBIL00003,DWEEPON KI AWAZ,द्वीपों की आवाज़,40922.0,40922/ 87,GOPAL,AND,SOUTH ANDAMAN,M
APTEL12801,PEOPLES AWAZ,पीपल्स आवाज़,117028.0,APTEL/2012/44471,BHARATHA SUDARSHAN,AP,HYDERABAD,M
APURD01781,AWAZ-E-DOST,आवाज़ ए दोस्त,96272.0,APURD/2007/23715,SYED DAWOOD RAFIQUI,AP,HYDERABAD,W
APMUL00363,AKHLIYATOKI AAWAZ,अखलि‍याटोकी आवाज़,94747.0,APMUL/2007/22190,MUMTAZ JAHAN,AP,KURNOOL,W
APURD01874,MAZLUM KI AWAZ,मज़लूम की आवाज़,117956.0,APURD/2012/45399,MD. KHALED AHMED,AP,NALGONDA,M
ARPHIN00003,ARUN AWAZ,अरुण आवाज़,84281.0,ARPHIN/2003/11724,SWARN P. SHUKLA,ARP,PAPUM PARE,W
ASSBEN00461,GANA AWAZ,गन आवाज,94135.0,ASSBEN/2006/21578,SUJIT KUMAR CHANDA,ASS,CACHAR,W
ASSASS01321,INSANI AWAZ,इंसानी आवाज़,33923.0,33923/ 78,AWAZ PRAKASHN PARISHAD,ASS,GOALPARA,F
BIHHIN04117,GANGA KE AWAZ,गंगा की आवाज़,60426.0,60426/ 82,NIL,BIH,nan,W
BIHHIN04059,ANGBHUMI AWAZ,औगभूमि आवाज़,39595.0,39595/ 82,RAJIV RANJAN,BIH,BHAGALPUR,D
BIHHIN01236,KHAMOSH AWAZ,खामोश आवाज़,39614.0,39614/ 82,DHANUSHDHARI PRASAD DHANUSH,BIH,BHAGALPUR,F
BIHHIN11892,SMARTCITY AAWAZ,nan,,nan,DR. AMIT KUMAR,BIH,BHAGALPUR,W
BIHMAI00059,MITHILA AWAZ,मिथिला आवाज़,121287.0,BIHMAI/2013/48732,CMJ COMMUNICATION PVT. LTD.,BIH,DARBHANGA,D
BIHURD00606,AWAZ-E-NAU,आवाज़-ए-नौ,74758.0,BIHURD/1997/02000,NAZEER AHMED ANJUM,BIH,DARBHANGA,M
BIHURD00612,AWAZ-E-NAU,आवाज़-ए-नौ,75168.0,BIHURD/2000/02611,DR.NAZEER AHMED ANJU,BIH,DARBHANGA,W
BIHHIN05400,CITIZEN AWAZ,सिटीजन आवाज़,146560.0,BIHHIN/2016/74005,PANKAJ KUMAR JHA,BIH,DARBHANGA,W
BIHHIN01606,MOOK AWAZ,मूक आवाज़,38323.0,38323/ 80,"DR. RAM MANOHAR LOKSEVA SAMAJ ADHYAN SANSTHAN, GAYA",BIH,GAYA,W
BIHHIN11858,SEEMANCHAL KI AWAZ,सीमांचल की आवाज़,153410.0,BIHHIN/2021/80855,MD AZHAR RAHMANI,BIH,KISHANGANJ,M
BIHHIN03319,ANUSACHIVYAI AWAZ,अनुसचिव्याई आवाज़,28466.0,28466/ 74,BIHAR MINISTERIAL OFFICERS' ASSOCIATION,BIH,MUNGER,M
BIHHIN04126,HAM SABO KE AWAZ,हम सबों की आवाज़,48995.0,48995/ 89,NOT GIVEN,BIH,MUZAFFARPUR,F
BIHHIN00937,HAM SABON KI AWAZ,हम सबों की आवाज़,52292.0,52292/ 90,ASHOK KUMAR SINGH,BIH,MUZAFFARPUR,W
BIHHIN01455,MAGADH KI AWAZ,मगध की आवाज़,68041.0,68041/ 93,RAJENDRA KUMAR PANDEY,BIH,NAWADA,W
BIHHIN04769,JAMHURIYAT KI AWAZ,जमहुरियत की आवाज़,95899.0,BIHHIN/2007/23342,MOHAMMAD FARMAN,BIH,PASHCHIM CHAMPARAN,W
BIHURD00719,GHAR GHAR KI AAWAZ,घर घर की आवाज़,122825.0,BIHURD/2013/50270,KHURSHID AHMAD,BIH,PATNA,D
BIHURD00321,QAUMI AWAZ,क़ौमी आवाज़,38912.0,38912/ 81,ASSOCIATED JOURNALS LTD.,BIH,PATNA,D
BIHURD00834,SACH KI AWAZ,सच की आवाज़,158569.0,BIHURD/2021/86014,SYED FAISAL ALI,BIH,PATNA,D
BIHURD00839,NAWAZ-E-WAQT,nan,,nan,ASGAR ALI,BIH,PATNA,D
BIHURD00716,AWAZ E BIHAR,आवाज़ ए बिहार,122238.0,BIHURD/2013/49683,ZIAUL HASAN,BIH,PATNA,D
BIHHIN03179,ASIA KI AWAZ,एशिया की आवाज़,33312.0,33312/ 78,RAJENDRA SINGH BISMIL,BIH,PATNA,W
BIHHIN04258,UPEKSHIT AWAZ,उपेक्षित आवाज़,22402.0,22402/ 71,UPEKSHIT DICCHARA VARGA SANGH,BIH,PATNA,W
BIHHIN00673,DARIYAPUR KI AWAZ,दरियापुर की आवाज़,49061.0,49061/ 89,REKHA CHOUDHARY,BIH,PATNA,W
BIHHIN04064,ARERAJ KI AWAZ,अरेराज की आवाज़,44477.0,44477/ 88,SATYAPRAKSAH SINGH,BIH,PURBA CHAMPARAN,D
BIHHIN02583,SONEY KI AWAZ,सोने की आवाज़,49084.0,49084/ 89,BHUVNESHWAR MEHTO,BIH,PURBA CHAMPARAN,D
BIHHIN04392,JAHRKHAND KI AWAZ,झारखंड की आवाज़,76361.0,JHAHIN/2001/03804,SANDEEP KAR,BIH,PURBI SINGHBHUM/ JAMSHEDPUR,W
BIHHIN11921,PURNIA KI AWAZ,nan,,nan,SANJAY SINGH,BIH,PURNIA,F
BIHHIN04470,KHULI AWAZ,खुली आवाज़,81664.0,BIHHIN/2002/09107,ANITA SINHA,BIH,SAMASTIPUR,F
BIHURD00059,AWAZ E HIND,आवाज़ ए हिन्द,39629.0,39629/ 83,NIRMALA SINGH,BIH,SARAN,W
BIHHIN04142,JANADHIK KI AWAZ,जनाधिक की आवाज़,52426.0,52426/ 91,MANISH KUMAR,BIH,SITAMARHI,W
CHAHIN00445,HARYANA KI AAWAZ,हरियाणा की आवाज़,142649.0,CHAHIN/2016/70094,MUKESH KUMAR ROHILLA,CHA,CHANDIGARH,D
CHABIL00200,PEHLI AWAZ,पहली आवाज़,117954.0,CHABIL/2012/45397,PARDEEP MITTAL,CHA,CHANDIGARH,F
CHABIL00239,AWAZ-1-KHUKHRAIN,आवाज़-1-खुखरैन,31130.0,31130/ 77,G.D. SURI,CHA,CHANDIGARH,M
CHAURD00033,AWAZ-E-MAZDOOR,आवाज़-ए-मज़दूर,18138.0,18138/ 70,RADHA KISHAN,CHA,CHANDIGARH,W
CHAMUL00060,AWAZ I USTAD,आवाज़ ए उस्ताद,9998.0,9998/ 64,AMRIT LAL CHOPRA,CHA,CHANDIGARH,W
CHAPUN00124,AWAZ-E-QAUM,आवाज़-ए-क़ौम,67212.0,67212/ 93,BIKRAMJEET SINGH BHULLAR,CHA,CHANDIGARH,W
CHAPUN00043,INDIA YUVA AWAZ,इंडिया युवा आवाज़,46787.0,46787/ 88,RAJINDER KUMAR GUPTA,CHA,CHANDIGARH,W
CHHHIN17272,RAHI KI AAWAZ,nan,,nan,KARUNA SHANKAR TIWARI,CHH,BALODA BAZAAR,W
CHHBIL01062,BASTAR KI AWAZ,nan,160142.0,CHHBIL/2023/87587,MAHENDRA MAHAPATRA,CHH,BASTAR,M
CHHHIN17216,ABHED AWAZ,nan,,nan,AMAR BANDHI,CHH,BILASPUR,W
CHHHIN15946,RAIPUR KI AWAZ,रायपुर की आवाज,127294.0,CHHHIN/2014/54739,MOHD. YASIN,CHH,BILASPUR,W
CHHHIN00505,GAZALA KI AWAZ,गजाला की आवाज,94015.0,CHHHIN/2004/21458,IQBAL RAAIN,CHH,DURG,W
CHHHIN17474,KORBA KI AAWAZ,कोरबा की आवाज़,160011.0,CHHHIN/2023/87456,KIRTI KUMAR AGRAWAL,CHH,KORBA,W
CHHHIN15502,NAI PIDHI KI AWAZ,नई पीढ़ी की आवाज़,121246.0,CHHHIN/2012/48691,BHANU PRATAP MISHRA,CHH,RAIGARH,F
CHHHIN17399,RAIGARH AAWAZ,nan,,nan,SURAJ SHARMA,CHH,RAIGARH,TWW
CHHHIN16476,MASIHI AWAZ,मसीही आवाज़,13065.0,13065/ 57,GOVERNING BODY FOR LITERATURE AND AUDIO VISUAL EDUCATION OF THE BOARD OF CHRISTIAN INSTITUTION,CHH,RAIPUR,M
CHHHIN03095,ROOHANI AWAZ,रूहानी आवाज़,110053.0,CHHHIN/2011/37496,RAVINDER PAL SINGH,CHH,RAIPUR,M
CHHHIN01508,CHHATTISGARH AUR AAWAZ,छत्तीसगढ़ और आवाज़,97971.0,CHHHIN/2006/25414,BHUPENDRA SHARMA,CHH,RAIPUR,M
CHHHIN16462,AHAM AWAZ,अहम आवाज़,147475.0,CHHHIN/2015/74920,NAIM AHMED,CHH,RAIPUR,M
CHHHIN03024,NARI KI AWAZ,नारी की आवाज़,111940.0,CHHHIN/2011/39383,SHAHEEN BEGAM,CHH,RAIPUR,M
CHHHIN15670,SHUBH SAI AWAZ,शुभ साई आवाज़,125941.0,CHHHIN/2013/53386,PUNENDRA DEVANGANA,CHH,RAIPUR,W
CHHHIN15311,SAMUDAY KI AWAZ,समुदाय की आवाज़,115219.0,CHHHIN/2012/42662,SUKHENDRA PATEL,CHH,RAIPUR,W
CHHHIN15737,SHOSHAN MUKTI AAWAZ,शोषण मुक्ति आवाज़,125090.0,CHHHIN/2013/52535,BHAIYA LAL PANTHI,CHH,RAIPUR,W
CHHHIN02861,JAN AWAZ KI TAKAT,जन आवाज़ की ताकत,105623.0,CHHHIN/2010/33066,MAHADEV SINGH CHANDEL,CHH,RAJNANDGAON,W
DELHIN09591,PURAVE DELHI KE AWAZ,पुरवी डेल्ही की आवाज़,55657.0,55657/ 92,NOT GIVEN,DEL,nan,W
DELURD01991,JAMHOORI AWAZ,जम्हूरी आवाज़,63445.0,63445/ 95,NESAR AHMAD ZAKI,DEL,DELHI,D
DELHIN16258,AWAZ E JAHAN,आवाज़ ए जहान,108709.0,DELHIN/2011/36152,SWAMI RAMRISHNA SHIVANAND,DEL,DELHI,D
DELHIN14114,AWAZ INDIA,आवाज़ इंडिया,89898.0,DELHIN/2006/17341,MOHD.MUSHTAQ KHAN,DEL,DELHI,D
DELURD01082,QAUMI AWAZ,क़ौमी आवाज़,36944.0,36944/ 80,ASSOCIATED JOURNALS LTD,DEL,DELHI,D
DELPUN00576,AAWAZ-E-BULAND,आवाज़-ए-बुलंद,98829.0,DELPUN/2008/26272,NATASHA M. KUMAR,DEL,DELHI,D
DELHIN08520,RASHTRIYA PRACHAND AWAZ TIMES,राष्ट्रीय प्रचंड आवाज़ टाइम्स,70908.0,70908/ 99,J.K. RATHORE,DEL,DELHI,D
DELURD01437,USMAN KI AWAZ,उस्मान की आवाज़,47382.0,47382/ 86,MOHAMMAD IRFAN,DEL,DELHI,D
DELURD03061,INSAF KI AWAZ,इंसाफ की आवाज़,131391.0,DELURD/2014/58836,NAFEESUL HASAN,DEL,DELHI,D
DELHIN29058,CHAUGAMA KI AWAZ,nan,,UR,ANKUR CHAUHAN,DEL,DELHI,D
DELHIN05964,UDYOG AWAZ,उद्योग आवाज़,53425.0,53425/ 91,AKASHDEEP PRINTERS,DEL,DELHI,D
DELURD01757,SUB KI AWAZ JADDEED,सबकी आवाज़ जदीद,50729.0,50729/ 90,SALEEM SHEERAZI,DEL,DELHI,D
DELNEP00044,NEPAL AWAZ,नेपाल आवाज,131998.0,DELNEP/2014/59443,DEVENDER KUNWAR,DEL,DELHI,D
DELHIN28494,AAM AWAZ TIMES,आम आवाज टाइम्स,139507.0,DELHIN/2016/66952,ASIF KHAN,DEL,DELHI,D
DELURD03216,SACH KI AWAZ,nan,149564.0,DELURD/2019/77009,SYED FAISAL ALI,DEL,DELHI,D
DELURD00813,MASHRIQI AWAZ,मशरिक़ी आवाज़,43025.0,43025/ 85,Z.Z.PUBLICATIONS PVT. LTD.,DEL,DELHI,D
DELURD02859,SECULAR AWAZ,सेक्युलर आवाज़,103791.0,DELURD/2009/31234,MAKHDOOM AKHTAR,DEL,DELHI,D
DELHIN27772,JAMUNAPAR KI AWAZ,जमुनापार की आवाज़,128988.0,DELHIN/2014/56433,AFZAL KHAN,DEL,DELHI,D
DELURD02798,KAYANAT KI AWAZ,कायनात की आवाज़,98468.0,DELURD/2008/25911,HENA SHABNAM,DEL,DELHI,D
DELHIN05364,BHARTIYA KISHAN AWAZ,भारतीय किसान आवाज़,53308.0,53308/ 91,FARMER WELFARE TRUST,DEL,DELHI,F
DELURD00136,GAREEB NAWAZ,गरीब नवाज़,12878.0,12878/ 66,SYED MOHD. AHMED SABRI,DEL,DELHI,F
DELHIN13710,SASHAKT AAWAZ,सशक्त आवाज,99930.0,DELHIN/2006/27373,RAJENDER KUMAR SONI,DEL,DELHI,F
DELHIN14971,GOPAL KI AWAZ,गोपाल की आवाज,98171.0,DELHIN/2008/25614,BALKRISHAN AGRAWAL,DEL,DELHI,F
DELBIL00237,BHARAT KI AWAZ,भारत की आवाज़,16300.0,16300/ 68,SHRI B R BAHL,DEL,DELHI,F
DELURD01617,AWAZ,आवाज़,14253.0,14253/ 57,ALL INDIA RADIO,DEL,DELHI,F
DELHIN08098,CHHATRON KI AWAZ,छात्रों की आवाज़,65825.0,65825/ 97,MOHD.BURHAN KHAN,DEL,DELHI,F
DELHIN10925,HIND KI AWAZ AAJTAK,हिन्द की आवाज़ आजतक,76294.0,DELHIN/2001/03737,RAJESH SHARMA,DEL,DELHI,F
DELBIL11361,LONDON CALLING INDIA LONDON KI AWAZ,लंदन कालिंग इंडिया लंदन की आवाज़,6613.0,6613/ 59,BRITISH BROADCASTING CORPORATION,DEL,DELHI,F
DELHIN15591,AWAZ SAMAJ KI BURAIYON KE KHILAAF,आवाज़ समाज की बुराइयों के खिलाफ,99016.0,DELHIN/2008/26459,PRAVEEN NIGAM,DEL,DELHI,F
DELHIN27530,SWASTIK AAWAZ INDIA KI,स्वस्तिक आवाज़ इंडिया की,126111.0,DELHIN/2013/53556,PRADEEP KUMAR JAISWAL,DEL,DELHI,M
DELHIN13217,DHARAM PRACHAND AWAZ TIMES,धरम प्रचंड आवाज़ टाइम्स,88220.0,DELHIN/2005/15663,PRAKASH,DEL,DELHI,M
DELURD01571,TIBBI AWAZ,तिब्बी आवाज़,784.0,784/ 57,DR. H. ZAINUDDIN,DEL,DELHI,M
DELBIL07453,HIND KI AWAZ TIMES,हिन्द की आवाज़ टाइम्स,107770.0,DELBIL/2010/35213,RAJ BIR TYAGI,DEL,DELHI,M
DELBIL06827,KARAMCHARI KI AWAZ,कर्मचारी की आवाज़,100418.0,DELBIL/2007/27861,AJAY MAKEN,DEL,DELHI,M
DELHIN27162,BANJARON KI AWAZ,बंजारों की आवाज़,117007.0,DELHIN/2012/44450,MUKESH KUMAR SHABANA,DEL,DELHI,M
DELHIN10466,AWAZ AUR AWAHAN,आवाज़ और आवाहन,73919.0,DELHIN/2000/01362,SHRIKRISHNA THAPLIYAL,DEL,DELHI,M
DELBIL03079,KHUKHRAYAN AWAZ,खुखरायण आवाज़,62783.0,62783/ 94,DELHI KHASHTRIYA KHUKHRAIN BIRADARI (REGD.,DEL,DELHI,M
DELHIN07688,VISHWA AWAZ,विश्व आवाज़,62824.0,62824/ 95,VISHWA GOYAL,DEL,DELHI,M
DELBIL07736,POSTMEN KI AWAZ,पोस्टमैन की आवाज़,122813.0,DELBIL/2012/50258,ALL INDIA POSTAL EMPLOYEES UNION POSTMEN & MSC/GROUP 'D',DEL,DELHI,M
DELBIL05574,PANCHAYAT KI AWAZ,पंचायत की आवाज़,84957.0,DELBIL/2004/12400,HARISH GAUR,DEL,DELHI,M
DELHIN10259,RASHTRIYA PRACHAND AWAZ TIMES,राष्ट्रीय प्रचण्ड आवाज टाइम्स,66919.0,66919/ 97,JITENDRA KUMAR,DEL,DELHI,M
DELBIL03773,MEDIA KI AWAZ,मीडिया की आवाज़,68996.0,68996/ 98,SUSHILA KUMARI,DEL,DELHI,M
DELPUS00001,D HIND AWAZ,द हिन्द आवाज़,840.0,840/ 57,ALL INDIA RADIO MINISTRY OF I AND B,DEL,DELHI,M
DELHIN02287,KARAK AWAZ,करक आवाज़,34624.0,34624/ 79,DAWLAT RAM,DEL,DELHI,M
DELBIL06736,VARISHTH NAGARIK AWAZ,वरिष्ठ नागरिक आवाज़,93789.0,DELBIL/2007/21232,SARDARI LAL,DEL,DELHI,M
DELHIN08885,UPBHOKTA KI AWAZ,nan,69837.0,69837/ 98,ANURAG DEEPAK,DEL,DELHI,M
DELBIL05309,AWAZ-E-AALAM-E-ISLAM,आवाज़-ए-आलम-ए-इस्लाम,82209.0,DELBIL/2003/09652,QARI.MOHD.MIAN MAZHARI,DEL,DELHI,M
DELHIN10556,NAUJAWAN AWAZ BHARATI,नौजवान आवाज़ भारती,82506.0,DELHIN/2000/09949,MD.RAFI ATA,DEL,DELHI,M
DELHIN28124,ALP AWAZ TIMES,अल्प आवाज टाईम्स,135543.0,DELHIN/2015/62988,TABREZ AHMED,DEL,DELHI,M
DELHIN04232,SAMAY KI AWAZ,समय की आवाज़,25557.0,25557/ 73,SHAKUNTALA ATRI,DEL,DELHI,M
DELHIN28273,NAYAK AWAZ,नायक आवाज,143047.0,DELHIN/2016/70492,ANITA SHUKLA,DEL,DELHI,M
DELBIL07863,AAM AWAZ,आम आवाज़,125097.0,DELBIL/2013/52542,ASIF KHAN,DEL,DELHI,W
DELHIN28002,AWAZ E HIND TIMES,आवाज़ ए हिन्द टाइम्स,132888.0,DELHIN/2015/60333,SHIV MOHAN,DEL,DELHI,W
DELHIN15014,BHRASHTACHAR KE KHILAAF AWAZ,भ्रष्टाचार के खिलाफ आवाज्र,95670.0,DELHIN/2008/23113,PREM CHAND DIXIT,DEL,DELHI,W
DELPUN00497,PREM DI AWAZ,प्रेम दी आवाज़,50910.0,50910/ 91,SARBJEET SINGH,DEL,DELHI,W
DELHIN28826,FARIDABAD KI AWAZ,फरीदाबाद की आवाज,148893.0,DELHIN/2017/76338,DINESH SHARMA,DEL,DELHI,W
DELHIN08669,RASHTRA KI AWAZ AAJ TAK,राष्ट्र की आवाज़ आज तक,67291.0,67291/ 97,PRAVEEN SAHANI,DEL,DELHI,W
DELURD02549,AWAZ KA SHOLA,आवाज़ का शोला,87339.0,DELURD/2005/14782,AZIMUDDIN WAIZ,DEL,DELHI,W
DELHIN09048,DELHI HARI AWAZ,डेल्ही हरी आवाज़,69979.0,69979/ 98,SHRI NIVAS SHARMA,DEL,DELHI,W
DELURD00553,HUSAINI AWAZ,हुसैनी आवाज़,25523.0,25523/ 73,IBNUL HUSSAIN,DEL,DELHI,W
DELHIN10964,AWAZ INDIA,आवाज़ इंडिया,79341.0,DELHIN/2002/06784,MOHD.MUSHTAQ KHAN,DEL,DELHI,W
DELHIN28525,RASHTRA PATH KI AWAZ,राष्ट्र पथ की आवाज,142744.0,DELHIN/2016/70189,YOGESH KUMAR,DEL,DELHI,W
DELURD03140,ZAMIR KI AWAZ,ज़मीर की आवाज़,26775.0,26775/ 74,DINA NATH RAJPAL,DEL,DELHI,W
DELHIN07261,SINGH KI AWAZ,सिंह की आवाज,59315.0,59315/ 94,ARJUN KUMAR JAIN,DEL,DELHI,W
DELHIN27330,AWAZ AAPKI,आवाज़ आपकी,118925.0,DELHIN/2012/46368,YASIR ARFAT,DEL,DELHI,W
DELPUN00408,JANTA DI AWAZ,जनता दी आवाज़,55576.0,55576/ 92,GURVINDER SINGH,DEL,DELHI,W
DELHIN05910,AZAD AWAZ TIMES,आज़ाद आवाज़ टाइम्स,59332.0,59332/ 94,MANKAN DEEP SINGH,DEL,DELHI,W
DELURD00108,QAUMI AWAZ,क़ौमी आवाज़,42880.0,42880/ 84,ASSOCIATED JOURNALS LTD,DEL,DELHI,W
DELHIN27416,DESH KI AAWAZ,देश की आवाज़,120696.0,DELHIN/2013/48140,KAUSHAL KISHOR SINHA,DEL,DELHI,W
DELHIN12158,LOGON KI AWAZ,लोगों की आवाज़,83906.0,DELHIN/2003/11349,MANISH SHARMA,DEL,DELHI,W
DELHIN09582,PREM DI AWAZ,प्रेम दी आवाज़,50915.0,50915/ 91,SARBJEET SINGH,DEL,DELHI,W
GUJGUJ14929,JAN AAWAZ,जन आवाज़,126185.0,GUJGUJ/2013/53630,NAVINKUMAR GOPALBHAI DABGAR,GUJ,AHMEDABAD,D
GUJGUJ15613,AAZADI NO AWAZ,आजादी नो अवाज,133447.0,GUJGUJ/2015/60892,BHUPENDRABHAI HARGOVANDAS PATEL,GUJ,AHMEDABAD,D
GUJGUJ11964,O.B.C. AWAZ,ओ. बी. सी. आवाज़,92519.0,GUJGUJ/2007/19962,AMBALA CHAUHAN,GUJ,AHMEDABAD,F
GUJGUJ15700,INSAF KI AWAZ,इन्साफ की आवाज,133523.0,GUJGUJ/2015/60968,DESAI NELSON SAMSON,GUJ,AHMEDABAD,F
GUJGUJ14941,HINDUSTAN KI AWAZ,हिंदुस्तान की आवाज़,125831.0,GUJGUJ/2013/53276,SATYENDRA R. MISHRA,GUJ,AHMEDABAD,W
GUJGUJ16679,AWAM KI AWAZ,nan,144000.0,GUJGUJ/2017/71445,JAVED IBRAHIMBHAI SHAIKH,GUJ,AHMEDABAD,W
GUJGUJ16410,AAZADI NO AWAZ,आजादी नो अवाज,139483.0,GUJGUJ/2015/66928,BHUPENDRABHAI HARGOVANDAS PATEL,GUJ,AHMEDABAD,W
GUJGUJ15666,HAMARE WATAN KI AWAZ,हमारे वतन की आवाज,133539.0,GUJGUJ/2015/60984,JADAV RANJITSINH RANABHAI,GUJ,AHMEDABAD,W
GUJGUJ15084,SAMAJIK AWAZ,सामाजिक आवाज़,127622.0,GUJGUJ/2014/55067,SANJAY LABHUBHAI GADHVI,GUJ,AHMEDABAD,W
GUJGUJ09462,JAN AAWAZ,जन आवाज़,81146.0,GUJGUJ/2002/08589,NAVIN KUMAR GOPALBHAI DABGAR,GUJ,AHMEDABAD,W
GUJGUJ14561,MASIHA KI AWAZ,मसीहा की आवाज़,124874.0,GUJGUJ/2013/52319,RATHOD PRABHABEN SOMABHAI,GUJ,AMRELI,F
GUJGUJ14614,MERI AAWAZ,मेरी आवाज,133137.0,GUJGUJ/2013/60582,YOGITABEN N. JANI,GUJ,AMRELI,W
GUJGUJ15968,TARAPUR NO AWAZ,nan,143776.0,GUJGUJ/2015/71221,ANJANA PATEL BHAVAESH D.,GUJ,ANAND,W
GUJGUJ15012,DEESA KI AWAZ,दीसा की आवाज,137743.0,GUJGUJ/2014/65188,PANDAYA MUKESHKUMAR DASHARATBHAI,GUJ,BANAS KANTHA,W
GUJGUJ16571,BHAVYA AWAZ,nan,143992.0,GUJGUJ/2016/71437,HETALBEN AJIT KUMAR THAKKAR,GUJ,BANAS KANTHA,W
GUJGUJ13190,JANTA KI AWAZ,जनता की आवाज़,109616.0,GUJGUJ/2010/37059,VASIMAKRAM G. MALEK,GUJ,BHARUCH,D
GUJGUJ14907,BHARUCH NO AWAZ,भरुच नो आवाज़,126113.0,GUJGUJ/2013/53558,KIRITBHAI D. KALOLIYA,GUJ,BHARUCH,F
GUJGUJ16294,JANTA KI AWAZ,जनता की आवाज,138348.0,GUJGUJ/2015/65793,VASIMAKRAM G. MALEK,GUJ,BHARUCH,W
GUJURD00057,AMAN KI AWAZ,अमन की आवाज,127365.0,GUJURD/2013/54810,THAKKAR BHAVANA,GUJ,GANDHINAGAR,D
GUJGUJ13881,GUJARAT NO AWAZ,गुजरात नो आवाज़,123485.0,GUJGUJ/2013/50930,PRAKASH R. SAXENA,GUJ,GANDHINAGAR,F
GUJGUJ17125,SOMNATH KI AAWAZ,nan,151912.0,GUJGUJ/2020/79357,SABIRA HASAN BHADARKA,GUJ,GIR SOMNATH,W
GUJGUJ07093,LOK AWAZ,लोक आवाज़,74286.0,GUJGUJ/2000/01729,SIDDHINATH PUBLICATION PVT LTD,GUJ,JAMNAGAR,D
GUJGUJ18322,BAHUJAN KI AWAZ SAMYAK VAANI,nan,,nan,BAUDDH JAYDEEP,GUJ,JAMNAGAR,M
GUJGUJ17100,GIRNAR AWAZ,गिरनार आवाज,150839.0,GUJGUJ/2019/78284,QURESHI VASIM MO. SALIM,GUJ,JUNAGADH,W
GUJGUJ15472,TIRTH NO AWAZ,तीर्थ नो अवाज,133027.0,GUJGUJ/2015/60472,PRAJAPATI SANDIP,GUJ,KHEDA,F
GUJGUJ16328,SAKSHAR NO AWAZ,nan,151563.0,UR,SHAH PRAVINBHAI CHINUBHAI,GUJ,KHEDA/ NADIAD,W
GUJGUJ15538,SATYA NO AWAZ,सत्य नो अवाज,134334.0,GUJGUJ/2015/61779,JANI RONAK KUMAR BHARATBHAI,GUJ,MEHSANA,F
GUJGUJ17265,SARDAR NO AWAZ,nan,153309.0,GUJGUJ/2020/80754,AYAZBHAI U ARAB,GUJ,NARMADA,D
GUJGUJ17146,AWAZ E BHILISTAN,nan,150870.0,GUJGUJ/2019/78315,VASAVA YOGESHCHANDRA PARMATSINH,GUJ,NARMADA,M
GUJGUJ14150,DIVYA AWAZ,दिव्या आवाज़,117513.0,GUJGUJ/2012/44956,KOTAK PRATIK MAHENDRABHAI,GUJ,PATAN,D
GUJGUJ13630,PATAN KI AWAZ,पतन की आवाज़,113056.0,GUJGUJ/2011/40499,KOTAK PRATIK MAHENDRABHAI,GUJ,PATAN,W
GUJGUJ15383,CRIME AWAZ,क्राईम आवाज,134911.0,GUJGUJ/2015/62356,THAKOR JAGDISHBHAI LILABHAI,GUJ,PATAN,W
GUJGUJ13295,SHRI SEN AWAZ,श्री सेन आवाज़,107274.0,GUJGUJ/2010/34717,SURANI SUNIL BHAILABHAI,GUJ,RAJKOT,M
GUJGUJ03222,RASHTRA AWAZ,राष्ट्र आवाज़,20533.0,20533/ 71,KANTILAL CHHAGANLAL THAKER,GUJ,RAJKOT,W
GUJGUJ17843,RAJKOT KI AAWAZ,nan,157338.0,GUJGUJ/2023/84783,MEHUL NAVINBHAI JETHAVA,GUJ,RAJKOT,W
GUJGUJ03789,SAURASHTRA NUTAN AWAZ,सौराष्ट्र नूतन आवाज़,15037.0,15037/ 67,JADURAM PRABHUDAS AGRAVAT,GUJ,RAJKOT,W
GUJGUJ17063,SABAR AWAZ,nan,158579.0,GUJGUJ/2019/86024,PARMAR MAGANBHAI DHULABHAI,GUJ,SABAR KANTHA,F
GUJGUJ14900,JAFARI AAWAZ,जाफरी आवाज,127625.0,GUJGUJ/2013/55070,SHIA JAFARI MASHAYAKHI VIKAS MANDAL,GUJ,SABAR KANTHA,M
GUJGUJ16155,SACH AWAZ,सच आवाज़,140119.0,GUJGUJ/2016/67564,HIRENBHAI MAGANBHAI GONDALIYA,GUJ,SURAT,F
GUJHIN00854,BEKHAUF AAWAZ,nan,,nan,DINESH RATHI,GUJ,SURAT,F
GUJHIN00640,VIDROHI AWAZ,विद्रोही आवाज,130178.0,GUJHIN/2014/57623,UTTAM CHAND SUGANLAL JAIN,GUJ,SURAT,W
GUJHIN00810,DESH BHAKTI KI AAWAZ,nan,151353.0,GUJHIN/2020/78798,SANJAY RAMESHVAR SINGH,GUJ,SURAT,W
GUJGUJ16712,SAMRATH AAWAZ,nan,144630.0,GUJGUJ/2017/72075,RAVINDRA RAMESH JADHAV,GUJ,SURAT,W
GUJGUJ17490,SAMAY NO AWAZ,nan,,nan,SANDEEP V. TIWARI,GUJ,SURAT,W
GUJGUJ13796,MAHILA KI AWAZ,महिला की आवाज़,115393.0,GUJGUJ/2011/42836,SHARDABEN JAGDISHBHAI CHAUHAN,GUJ,SURENDRANAGAR,W
GUJGUJ14206,AAP KI AWAZ,आप की आवाज़,124750.0,GUJGUJ/2012/52195,PARMESHWAR SHARVAN SONAVE,GUJ,VADODARA,F
GUJGUJ17669,VADODARA NO AWAZ,nan,158602.0,GUJGUJ/2021/86047,ABDUL RASIDBHAI MEMON,GUJ,VADODARA,W
GUJGUJ16787,ZULM KI AWAZ,nan,145854.0,GUJGUJ/2017/73299,KAHAR NILESH HARIDAS,GUJ,VADODARA,W
GUJGUJ16496,HAMARE WATAN KI AWAZ,nan,140373.0,GUJGUJ/2016/67818,JADAV RANJITSINH RANABHAI,GUJ,VIRAMGAM,D
HARHIN02833,PRESS KI AWAZ,प्रेस की आवाज़,68838.0,68838/ 96,RAJESH GUPTA,HAR,AMBALA,D
HARHIN11548,NARAINGARH KI AWAZ,नारायणगढ़ की आवाज,159184.0,HARHIN/2023/86629,RAVI SHARMA,HAR,AMBALA,M
HARHIN01792,AMBALA KI AWAZ,अम्बाला की आवाज़,51390.0,51390/ 91,RAJ KUMAR,HAR,AMBALA,W
HARURD00016,AWAZ-E-HIND,आवाज़-ए-हिन्द,12439.0,12439/ 64,PUNJAB STATE YOUTH CONGRESS,HAR,AMBALA,W
HARURD00191,AWAZ-E-HIND,आवाज़-ए-हिन्द,10031.0,10031/ 64,OM PARKASH MANI,HAR,AMBALA,W
HARHIN04638,HARYANA KI AAWAZ,हरयाणा की आवाज़,109795.0,HARHIN/2009/37238,MUKESH KUMAR ROHILLA,HAR,BHIWANI,D
HARHIN00486,HAM DO KI AWAZ,हम दो की आवाज़,26310.0,26310/ 74,RAM KUMAR AGGARWAL,HAR,BHIWANI,F
HARHIN00229,BHIWANI KI AWAZ,भिवानी की आवाज़,26244.0,26244/ 74,DEEN DAYAL CHIRIPAL,HAR,BHIWANI,F
HARHIN02741,AWAZ-E-HARYANA,आवाज़-ए-हरयाणा,63676.0,63676/ 96,JITENDER KUMAR,HAR,FARIDABAD,W
HARHIN10917,TOHANA KI AWAZ,टोहाना की आवाज,146962.0,HARHIN/2016/74407,SAMARJEET SINGH BHATTI,HAR,FATEHABAD,W
HARHIN04890,RASHTRIYA AAWAZ,राष्ट्रीय आवाज़,105154.0,HARHIN/2010/32597,AVESH CHAUHAN,HAR,GURUGRAM,F
HARHIN00144,AWAZ KA DHAMAKA,आवाज़ का धमाका,46679.0,46679/ 88,MANISH SHARMA,HAR,GURUGRAM,Q
HARHIN11590,AWAZ BARWALA,nan,,nan,VIRENDER KUMAR,HAR,HISAR,M
HARHIN11402,YUVA AWAZ,nan,,nan,RAGHUBIR SINGH,HAR,HISAR,M
HARHIN01599,WAQT KI AWAZ,वक़्त की आवाज़,380.0,380/ 57,MADAN LAL BAGHI,HAR,HISSAR,W
HARHIN11104,NARWANA KI AWAZ,नरवाना की आवाज,150502.0,HARHIN/2019/77947,BINTU SINGH,HAR,JIND,M
HARHIN03270,KARNAL KI AWAZ,करनाल की आवाज़,26380.0,26380/ 75,KRISHAN KUMAR MEHTA,HAR,KARNAL,M
HARHIN11479,NIRDOSH KI AWAZ,निर्दोष की आवाज,158515.0,HARHIN/2022/85960,JASPAL,HAR,KARNAL,W
HARHIN11558,DESH HIT KI BULAND AAWAZ,nan,,UR,SUMIT GOEL,HAR,KURUKSHETRA,M
HARHIN11457,KANINA KI AWAZ,nan,,nan,DR HOSHIAR SINGH YADAV,HAR,MAHENDRAGARH,A
HARHIN04331,MEWAT KI AWAZ,मेवात की आवाज,96760.0,HARHIN/2008/24203,SURENDRA DUA,HAR,MEWAT,W
HARBIL01766,KASHYAP AWAZ,कश्यप आवाज,147460.0,HARBIL/2017/74905,SHIV CHARAN KASHYAP,HAR,PANIPAT,HY
HARHIN02296,ZAMIDAR AWAZ,ज़मीदार आवाज़,51593.0,51593/ 94,SUMER SINGH YADAV,HAR,REWARI,W
HARHIN04884,RISHI KI AWAZ,ऋषि की आवाज,101575.0,HARHIN/2007/29018,SUBHASH CHAND BAJAJ,HAR,ROHTAK,D
HARHIN01029,NAV YUVAKON KI AWAZ,नव युवकों की आवाज़,30760.0,30760/ 78,SATPAL SINGH MALIK,HAR,ROHTAK,F
HARHIN11424,ROHTAK KI AAWAZ,nan,157743.0,HARHIN/2022/85188,SUNIL KUMAR,HAR,ROHTAK,M
HARHIN01224,RISHI KI AWAZ,ऋषि की आवाज़,51443.0,51443/ 91,SUBHASH CHAND BAJAJ,HAR,ROHTAK,W
HARHIN11281,SIRSA KI AAWAZ,सिरसा की आवाज़,153254.0,HARHIN/2021/80699,SONU SHARMA,HAR,SIRSA,D
HPHIN01074,AWAZ E SHAHPUR,nan,,nan,ASHISH SINGH,HP,KANGRA,W
HPHIN00388,HIM JAN AWAZ,हिम जन आवाज़,66145.0,66145/ 96,VIVEK PATHANIA,HP,KANGRA,W
HPHIN00460,AWAZ E HIMACHAL,आवाज़ ए हिमाचल,16082.0,16082/ 68,PALDAN MUSAFIR,HP,KULLU,W
HPHIN01002,AWAZ JANADESH,आवाज़ जनादेश,141742.0,HPHIN/2016/69187,RAJESH RADHAIK,HP,SHIMLA,W
HPURD00460,PARBAT KI AWAZ,पर्बत की आवाज़,22379.0,22379/ 71,RAM RATTAN PAUL,HP,SHIMLA,W
HPHIN00486,PARBAT KI AWAZ,पर्बत की आवाज़,42362.0,42362/ 85,AMBA CHARAN,HP,SHIMLA,W
HPHIN00642,GARIB KI AWAZ,गरीब की आवाज़,91596.0,HPHIN/2007/19039,K.R. ARYA,HP,UNA,W
JHAHIN00971,AWAZ,आवाज,150760.0,JHAHIN/2019/78205,AWAZ PRAKASHAN PVT. LTD.,JHA,DEOGHAR,D
JHAHIN00748,AWAZ,आवाज़,3591.0,3591/ 57,AWAZ PRAKASHAN PVT. LTD.,JHA,DHANBAD,D
JHAHIN00958,AWAZ,आवाज,149552.0,JHAHIN/2018/76997,AWAZ PRAKASHAN PVT. LTD.,JHA,HAZARIBAG,D
JHAHIN01000,JANHIT KI AWAZ,nan,,nan,AZHAR IQBAL,JHA,LOHARDAGA,M
JHAHIN00942,INSAF KI AAWAZ SOCIETY NEWS,इंसाफ की आवाज़ सोसाइटी न्यूज़,148299.0,JHAHIN/2017/75744,INSAF KI AWAZAN SOCIETY,JHA,PURBI SINGHBHUM,W
JHAHIN00876,AWAZ,आवाज,58976.0,58976/ 94,AWAZ PRAKASHAN PVT. LTD.,JHA,PURBI SINGHBHUM/ JAMSHEDPUR,D
JHAHIN01021,SUBE KI BULAND AAWAZ,nan,,nan,AKARSH ANAND,JHA,RANCHI,D
JHAHIN00344,JAMHURIYAT KI AAWAZ,जम्हूरियत की आवाज,102605.0,JHAHIN/2009/30048,YASMIN BEGUM,JHA,RANCHI,W
JHAHIN00960,SHYAHI KI AWAZ,स्याही की आवाज,150647.0,JHAHIN/2019/78092,AMEER AHMED HASHMI,JHA,SIMDEGA,W
JKURD01217,AWAZ E BARSAGEER,nan,,nan,NAZIR AHMAD SHAH,JK,ANANTNAG,M
JKURD01055,AWAZI E SARHAD,आवाज़ी ए सरहद,109678.0,JKURD/2011/37121,SHAMEEMA AKHTER,JK,BARAMULA,D
JKURD01059,AWAZ E CHENAB,आवाज़ ए चेनाब,115304.0,JKURD/2011/42747,ISHTYAK AHMED MALIK,JK,DODA,D
JKURD00985,HAQNAWAZ,हक़नवाज़,104903.0,JKURD/2008/32346,MERAJ-UD-DIN DAR,JK,GANDERBAL,D
JKURD00536,QAUMI AWAZ,क़ौमी आवाज़,19861.0,19861/ 66,J&K PRADESH CONGRESS COMMITTEE,JK,JAMMU,D
JKBIL00076,AWAZ-E-GUJAR,आवाज़-ए-गुजर,66142.0,66142/ 95,GURJAR DESH CHARITABLE TRUST,JK,JAMMU,M
JKURD00065,AWAZE HAQ,आवाज़े हक़,17539.0,17539/ 69,RAJ KUMAR GUPTA,JK,JAMMU,W
JKURD00620,LOK AWAZ,लोक आवाज़,17652.0,17652/ 69,S TARLOK SINGH ADOL,JK,JAMMU,W
JKURD00996,AWAZ E JAMMU,आवाज़ ए जम्मू,25692.0,25692/ 73,TILAK RAJ SHARMA,JK,JAMMU,W
JKURD00066,AWAZ-E-JAHAN,आवाज़-ए-जहान,28985.0,28985/ 68,PROVINCIAL SECRETARY J&K PROUTIST FORW OF INDIA,JK,JAMMU,W
JKHIN00405,JAN AWAZ PATRIKA,nan,158251.0,JKHIN/2020/85696,PRABH DAYAL,JK,KATHUA,W
JKBIL00327,AWAZ E PIR PANJAL,nan,,nan,KOHINOOR EDUCATIONAL CHARITABLE TRUST,JK,RAJAURI,D
JKBIL00274,BE KHOF AWAZ,बे खौफ आवाज़,115189.0,JKBIL/2012/42632,ABDUL MAJID NAIK,JK,SHOPIAN,W
JKURD01020,AWAZI KHALAQ,अवाज़ी ख़लाक़,102159.0,JKURD/2009/29602,SHAMAS-UD-DIN SHAMIM,JK,SRINAGAR,D
JKBIL00184,WADI KI AWAZ,वादी की आवाज,43645.0,43645/ 85,GHULAM NABI SHAIDA,JK,SRINAGAR,D
JKENG00811,AWAZI KASHMIR,अवाज़ी कश्मीर,108154.0,JKENG/2010/35597,ARSHID RASOOL BHAT,JK,SRINAGAR,W
KARBIL01943,MERI AWAZ SUNO,मेरी आवाज़ सुनो,131120.0,KARBIL/2014/58565,R. IRFAN KHAN,KAR,BANGALORE(NORTH),M
KARURD00209,NAWAZISH,नवाज़िश,29902.0,29902/ 79,KHAJA NOORUDDIN IQBAL,KAR,BENGALURU URBAN,D
KARKAN28683,KHALAM KI AWAZ,nan,,nan,B K BHARATHNAG,KAR,BIDAR,D
KARHIN00018,BIDAR KEE AAWAZ,बीदर की आवाज़,36603.0,36603/ 79,QUAZI ARSHED ALI,KAR,BIDAR,D
KARURD00878,AAWAZ E KARNATAK,nan,149194.0,UR,SYED ABDUL KAREEM,KAR,RAMANAGARA,D
MAHMAR32730,LOKAWAZ,लोकावाज़,100593.0,MAHMAR/2008/28036,NIRMAL S. MUTHA,MAH,AHMADNAGAR,D
MAHMAR44543,ABHIYANTA AWAZ,अभियंता आवाज़,130978.0,MAHMAR/2014/58423,SALIM SHAKIL PATHAN,MAH,AHMADNAGAR,M
MAHMAR41032,BHATMICHA AWAZ,भत्मीचा आवाज़,118441.0,MAHMAR/2012/45884,SAYYAD AHMED MAHEMUD,MAH,AHMADNAGAR,M
MAHMAR44167,MAHA BATMICHA AWAZ,महा बातमीचा आवाज,132215.0,MAHMAR/2014/59660,JUBBER AHMED SAYYAD,MAH,AHMADNAGAR,W
MAHMAR44458,AAWAZ KAYDYACHA,आवाज़ कायद्याचा,129597.0,MAHMAR/2014/57042,RIYAZ KHAN HABIB KHAN,MAH,AHMADNAGAR,W
MAHBIL09815,RANGREZ KI AWAZ,nan,143926.0,MAHBIL/2016/71371,SHAIKH MOIN RANGARI,MAH,AKOLA,W
MAHHIN11392,AWAZ-E-BHARAT,आवाज ए भारत,158928.0,MAHHIN/2023/86373,RASIKA JAWANJAL,MAH,AKOLA,W
MAHBIL10057,BERAR KI AWAZ,बेरार की आवाज,150761.0,MAHBIL/2018/78206,ANWAR AHMAD KHAN SALABAT KHAN,MAH,AKOLA,W
MAHMAR50715,AKOLACHA AAWAZ,nan,154316.0,MAHMAR/2021/81761,SHARAD KESHAV SHEGOKAR,MAH,AKOLA,W
MAHHIN08943,AWAZ-E-BHARAT,आवाज़-ए-भारत,76883.0,MAHHIN/1998/04326,RASIKA JAWANJAL,MAH,AMARAWATI,W
MAHMAR43575,LOKSHAHI AWAZ,लोकशाही आवाज,135305.0,MAHMAR/2015/62750,AMOL SHREEKRUSHNA BABHULKAR,MAH,AMRAVATI,W
MAHMAR51015,BHUMI PUTRACHA AAWAZ,nan,155752.0,MAHMAR/2021/83197,SARANG SHASHIKANT KOLHE,MAH,AMRAVATI,W
MAHURD01730,AWAZ AWAM KI,आवाज़ अवाम की,83785.0,MAHURD/2003/11228,RIZWANUR RAHMAN,MAH,AMRAVATI,W
MAHBIL03226,MELGHAT KI AWAZ,मेलघाट की आवाज़,73554.0,MAHBIL/2000/00997,AJAY R. JAISWAL,MAH,AMRAVATI,W
MAHMAR46092,SWAMINICHA AWAZ,स्वामिनीचा आवाज,135211.0,MAHMAR/2015/62656,PUSHPALATA RAJESH UMAK,MAH,AMRAVATI,W
MAHMAR28719,DEOGIRICHA AAWAZ,देवगिरीचा आवाज,90598.0,MAHMAR/2006/18041,M.P. JAMNIK,MAH,AURANGABAD,D
MAHURD02492,AWAZ AURANGABAD,nan,137244.0,MAHURD/2015/64689,ASMA GHOUS MOHIUDDIN QUAZI,MAH,AURANGABAD,W
MAHMAR09727,AVISHKAR VA AAWAZ,आविष्कार व आवाज़,59823.0,59823/ 93,ARUN MARUTI KAKDE,MAH,AURANGABAD,W
MAHMAR51469,MERI AWAZ SUNO,nan,153116.0,MAHMAR/2021/80561,S.K. GULAM NABI S.K. CHAND,MAH,AURANGABAD,W
MAHMAR03745,INSAF KI AWAZ,nan,158001.0,MAHMAR/2022/85446,WASIM GULAMNABI SHAIKH,MAH,AURANGABAD,W
MAHHIN09988,AAWAZ E MAJLIS,nan,,UR,SHAIKH AMAR,MAH,BEED,W
MAHBIL10117,AWAZ BHANDARA,nan,152912.0,MAHBIL/2021/80357,SHAMSHER ABDUL WAHAB KHAN,MAH,BHANDARA,W
MAHMAR36076,MARATHI MANACHA AAWAZ,मराठी मानाचा आवाज़,131003.0,MAHMAR/2010/58448,AVINASH SHRIKRISHNA DALVI,MAH,BULDANA,D
MAHMAR49439,VARHADI AWAZ,nan,,UR,MAHENDRA BHANIRAMJI VYAS,MAH,BULDANA,DE
MAHHIN10266,MALKAPUR KI AWAZ,मलकापूर की आवाज़,155716.0,MAHHIN/2022/83161,MOHAMMAD SHAKIR SHAIKH NAZIR QURAISHI,MAH,BULDANA,W
MAHMAR49474,BULDANA KI AWAZ,बुलडाणा की आवाज,149830.0,MAHMAR/2018/77275,MOINUDDIN ZAHIRUDDIN QUAZI,MAH,BULDANA,W
MAHMAR49411,CHANDRAPUR CHA AWAZ,चंद्रपुर चा आवाज़,62354.0,62354/ 94,VIJAY SAMBHAJI PANDHARE,MAH,CHANDRAPUR,W
MAHBIL06758,DNYANESHWARI AWAZ,ज्ञानेश्वरी आवाज,127318.0,MAHBIL/2014/54763,MANISHA TULSHI RAM THUNEKAR,MAH,CHANDRAPUR,W
MAHMAR22262,NIRBHID AWAZ,निर्भीड आवाज़,69894.0,69894/ 97,SHATRUGHNA GANGARAMJI AWASANE,MAH,CHANDRAPUR,W
MAHHIN05422,PALGHAR KI AWAZ,पालघर कि आवाज,94477.0,MAHHIN/2006/21920,K.V.NARAYANAN,MAH,DAHANU (THANE),W
MAHMAR45831,RAYATECHA AWAZ,nan,146786.0,MAHMAR/2016/74231,HARESH DAGDULAL BAFNA,MAH,DHULE,D
MAHMAR48492,GRAMASTHA AWAZ,nan,143904.0,MAHMAR/2017/71349,GANESH DAGA PATIL,MAH,DHULE,F
MAHMAR41699,BULAND AAWAZ,बुलंद आवाज़,120958.0,MAHMAR/2013/48402,PRABHAKAR NATTHU WAGH,MAH,DHULE,W
MAHMAR37269,KHANDESH AWAZ,खानदेश आवाज़,111739.0,MAHMAR/2010/39182,THAKUR NARENDRA PITAMBAR,MAH,DHULE,W
MAHMAR47335,AWAZ SAMRAT,आवाज सम्राट,138894.0,MAHMAR/2016/66339,SHAILESH KAILAS GARDE,MAH,DHULE,W
MAHMAR47512,SARVANCHA AWAZ,nan,,UR,PATIL SUNIL DATTATRAY,MAH,DHULE,W
MAHMAR50166,AAWAZ MARATHWADYACHA,nan,,nan,SHANKARRAO SAMBHAJI KHARATE,MAH,HINGOLI,D
MAHMAR52528,SHETKARYANCHA BULAND AWAZ,nan,,UR,PRBHKAR SOPAN PRDHAN,MAH,JALNA,D
MAHMAR51037,INSAF KI AWAZ,nan,152790.0,MAHMAR/2021/80235,WASIM GULAMNABI SHAIKH,MAH,JALNA,W
MAHMAR39983,JALNA KI AWAZ,जलना की आवाज़,118796.0,MAHMAR/2012/46239,RAHUL SAMSON SHINDE,MAH,JALNA,W
MAHMAR36323,MERI AWAZ SUNO,मेरी आवाज़ सुनो,105361.0,MAHMAR/2010/32804,S.K. GULAM NABI S.K. CHAND,MAH,JALNA,W
MAHMAR52849,MAHANAGAR KI AWAZ,nan,,nan,DINESH CHUNNILALJI NAND,MAH,JALNA,W
MAHMAR29588,JAN MATA CHA AWAZ,जन मता चा आवाज़,97950.0,MAHMAR/2006/25393,SIDDHESHWAR BADRINATH UBALE,MAH,"JALNA,MAHARASHTRA",W
MAHHIN08112,ALPSHANKANYAK AWAZ,ALPSHANKANYAK AWAZ,114226.0,MAHHIN/2010/41669,SHAIKH BASHEER,MAH,LATUR,W
MAHMAR46177,JANEKTA AWAZ,जनएकता आवाज,135989.0,MAHMAR/2015/63434,IRFAN RAHEMAN SHAIKH,MAH,LATUR,W
MAHMAR51840,DHARDAR AAWAZ,nan,155493.0,MAHMAR/2022/82938,VAIJANATH DHONDU KAPRATWAR,MAH,LATUR,W
MAHMAR33282,LATURCHA AWAZ,लातुरचा आवाज़,104381.0,MAHMAR/2009/31824,A.C. GIDDE,MAH,LATUR,W
MAHMAR52242,SATYACHI AAWAZ,nan,,nan,KHADIR IMAM SHAIKH,MAH,LATUR,W
MAHMAR49441,UDGIRCHA AWAZ,nan,,nan,SHRIKRUSHN GOVINDRAO CHAVHAN,MAH,LATUR,W
MAHMAR52250,SATYCHI AAWAZ,nan,,nan,KHADIR IMAM SHAIKH,MAH,LATUR,W
MAHMAR45784,ASHMITECHA AWAZ,अश्मितेचा आवाज़,134109.0,MAHMAR/2015/61554,IRFAN RAHAMAN SHAIKH,MAH,LATUR,W
MAHHIN08908,NIRBHAY AAWAZ,निर्भय आवाज़,124807.0,MAHHIN/2013/52252,ARUN VASANT KONDVILKAR,MAH,MUMBAI,A
MAHBIL09735,DINI AWAZ,nan,27987.0,27987/ 75,DINI AVAZ COMMITTEE,MAH,MUMBAI,BM
MAHHIN08468,SANWAD SHIKALGAR JANMAT KI AAWAZ,संवाद शिकलगार जनमत की आवाज,128826.0,MAHHIN/2012/56271,SHIKALGAR JAMAT TRUST,MAH,MUMBAI,BM
MAHMAR44828,CHOUFER AAWAZ,चौफेर आवाज,130761.0,MAHMAR/2014/58206,DATTATRAYA RAMCHANDRA KHANDGE,MAH,MUMBAI,D
MAHURD01470,QAUMI AWAZ,क़ौमी आवाज़,37614.0,37614/ 81,ASSOCIATED JOURNALS LTD.,MAH,MUMBAI,D
MAHHIN09531,KAILASH BHUMI KI AWAZ,कैलाश भूमि की आवाज,140009.0,MAHHIN/2016/67454,AJAY KAILASH SINGH,MAH,MUMBAI,M
MAHENG10499,MAZDOOR AAWAZ,मजदूर आवाज,90234.0,MAHENG/2006/17677,NATIONAL RAILWAY MAZDOOR UNION,MAH,MUMBAI,M
MAHMAR35529,KHARA AAWAZ,खरा आवाज़,103519.0,MAHMAR/2009/30962,GAJANAN NAMDEO NIMBOKAR,MAH,MUMBAI,M
MAHBIL00863,PHONE AWAZ,फ़ोन आवाज़,11649.0,11649/ 66,ALL INDIA (P.T) ADMINISTRATIVE OFFICE EMPLOYEES ASSOCIATION,MAH,MUMBAI,M
MAHURD00119,AWAZ E QUREISHI,आवाज़ ए कुरैशी,49937.0,49937/ 90,NASIR AHMED QUREISHI,MAH,MUMBAI,M
MAHHIN03634,AAWAZ KI DAYARE,आवाज़ के दायरे,74749.0,MAHHIN/2000/02192,DINESH SINGH,MAH,MUMBAI,M
MAHMAR43728,NIRBHAY AAWAZ,निर्भय आवाज़,126940.0,MAHMAR/2014/54385,ARUN VASANT KONDVILKAR,MAH,MUMBAI,M
MAHURD01426,AWAZ KI DUNIYA,आवाज़ की दुनिया,11584.0,11584/ 66,MOHAMED USMAN AAZIZ,MAH,MUMBAI,M
MAHHIN04374,SHAHAR KI AAWAZ,शहर की आवाज़,82779.0,MAHHIN/2002/10222,ABBAS MOHAMMED SHAIKH,MAH,MUMBAI,W
MAHHIN09822,JAN VIKAS AWAZ,जन विकास आवाज,147004.0,MAHHIN/2016/74449,JAISWAR SANTOSH VANSHRAJ,MAH,MUMBAI,W
MAHHIN09390,ZULM KE KHILAF AWAZ,जुल्म के खिलाफ आवाज,132554.0,MAHHIN/2014/59999,ASGHAR AMIN SHAH,MAH,MUMBAI,W
MAHHIN03989,MUMBAI KI AWAZ,मुंबई की आवाज़,78051.0,MAHHIN/2001/05494,SHAFIULLAH KHAN,MAH,MUMBAI,W
MAHHIN01279,VICHAR AUR AWAZ,विचार और आवाज़,43654.0,43654/ 85,SUKHADEV SINGH MEHRA,MAH,MUMBAI,W
MAHBIL04726,AAP KI AWAZ,आप की आवाज,92196.0,MAHBIL/2006/19639,ANJAN BIKRAM GOSWAMI,MAH,MUMBAI,W
MAHURD00120,AWAZ-E-WATAN,आवाज़-ए-वतन,9241.0,9241/ 63,ISMAIL KHWAJA HUSAIN,MAH,MUMBAI,W
MAHHIN06785,VIDARBHA KI AWAZ,विदर्भ की आवाज़,95497.0,MAHHIN/2008/22940,SATISH PIMPLE,MAH,NAGPUR,W
MAHMAR51490,JAN NAYAK AWAZ,nan,156914.0,MAHMAR/2023/84359,SOPAN SHANKAR BETAL,MAH,NAGPUR,W
MAHMAR29660,ADIVASI AWAZ,आदिवासी आवाज़,95504.0,MAHMAR/2006/22947,MAHADU SHANKAR GAVIT,MAH,NANDURBAR,W
MAHMAR44360,NANDGAON AWAZ,नांदगाव आवाज,138659.0,MAHMAR/2014/66104,SONAWANE BHAGWAN NAMDEO,MAH,NASHIK,D
MAHURD01398,AWAMI AWAZ,अवामी आवाज़,32041.0,32041/ 58,JAMEEL AHMED,MAH,NASHIK,W
MAHURD02208,AWAZ E SADAKAT,आवाज़ ए सदाकत,108805.0,MAHURD/2010/36248,SHAIKH AHMED (ALIAS MUNNA) SHAIKH SHABBIR,MAH,NASHIK,W
MAHMAR50106,KARMACHARYANCHA AWAZ,nan,,nan,MANISHA VAIBHAV BHOSALE,MAH,NASHIK,W
MAHURD02590,HASHMI AWAZ,nan,147990.0,MAHURD/2017/75435,SAMIULLAH ABDUL LATIF ANSARI,MAH,NASHIK,W
MAHMAR50098,PARBHANI AAWAZ,nan,153139.0,MAHMAR/2021/80584,RAMESHWAR KASHINATH JIRWANKAR,MAH,PARBHANI,DE
MAHMAR42573,PUNERI AWAZ,पुणेरी आवाज,128421.0,MAHMAR/2014/55866,NITIN KASHINATH PATIL,MAH,PUNE,D
MAHMAR36132,BARAMATI CHA AWAZ,बारामती चा आवाज़,104928.0,MAHMAR/2010/32371,UMESH RAMKISHAN DUBE,MAH,PUNE,F
MAHMAR52352,AAWAZ DO,nan,160553.0,MAHMAR/2023/87998,LALASAHEB BABAJI GAIKWAD,MAH,PUNE,W
MAHMAR50541,AAWAZ NEWS,nan,154134.0,MAHMAR/2021/81579,GOPAL DAGDU PARDESHI,MAH,PUNE,W
MAHMAR04558,PIMPRI CHINCHWAD AWAZ,पिम्परी चिंचवड आवाज़,43758.0,43758/ 84,PANDURANG BHAGUJA JAGTAP,MAH,PUNE,W
MAHMAR42951,SANGHARSHACHA AWAZ,संघर्षाचा आवाज़,125460.0,MAHMAR/2013/52905,YASHODA UTTARASHWAR SONAWANE,MAH,PUNE,W
MAHURD01708,KOKAN KI AWAZ,कोंकण की आवाज़,77257.0,MAHURD/2001/04700,DILDAR MOHD. SHAFI PURKAR,MAH,RAIGAD,W
MAHMAR39013,MAHADCHA AWAZ,महाडचा आवाज़,112894.0,MAHMAR/2011/40337,AMANULLAH DILDAR PURKAR,MAH,RAIGAD,W
MAHMAR50281,AWAZ KOKANCHA,nan,153063.0,MAHMAR/2021/80508,VAIBHAV VIJAY PATIL,MAH,RAIGAD,W
MAHMAR44973,SHEKAPCHA AWAZ,शेकापचा आवाज,138398.0,MAHMAR/2015/65843,ADSULE AJIT VISHNU,MAH,RAIGAD,W
MAHMAR26709,RAIGADCHA AWAZ,रायगडा आवाज़,88758.0,MAHMAR/2005/16201,DILDAR SHAFI PURKAR,MAH,RAIGAD-ALIBAG,D
MAHMAR52150,DADAPLELA AAWAZ,nan,,nan,NARENDRA VASANT KAMBLE,MAH,SANGLI,M
MAHMAR36366,YASHWANTNAGAR AWAZ,यशवन्तनगर आवाज़,109400.0,MAHMAR/2010/36843,SHIVAJI RAMACHANDRA PALAVE,MAH,SOLAPUR,W
MAHMAR52898,YUVKANCHA AWAZ,nan,,nan,AKASH DADASAHEB KALE,MAH,SOLAPUR,W
MAHMAR45253,SOLAPUR AWAZ,सोलापूर आवाज,133899.0,MAHMAR/2015/61344,WASIM MD.SALAR DESHMUKH,MAH,SOLAPUR,W
MAHMAR42058,BAHUJAN AWAZ,बहुजन आवाज़,124230.0,MAHMAR/2013/51675,BHALAHANKAR ANNASAHEB NAMDEO,MAH,SOLAPUR,W
MAHBIL10312,TEZ AAWAZ TIMES,nan,,nan,ABUHZAIFA ABDUL SALAM ANSARI,MAH,THANE,BM
MAHHIN06432,THANE KI AAWAZ,थाने की आवाज़,94235.0,MAHHIN/2007/21678,KAMAL R. DADHICH,MAH,THANE,D
MAHBIL02993,ULHAS AWAZ,उल्हास आवाज़,20876.0,20876/ 71,BHAGWAN GOVINDRAM DANI,MAH,THANE,F
MAHHIN09875,PRAJAPATI AAWAZ,प्रजापति आवाज़,142580.0,MAHHIN/2016/70025,ASHOK PRAJAPATI,MAH,THANE,M
MAHHIN06655,SOU SAMAJ EK AAWAZ,सौ समाज एक आवाज़,99606.0,MAHHIN/2008/27049,AMRENDRA RAMANAND CHAUDHARY,MAH,THANE,W
MAHHIN06198,THANE KI AAWAZ,थाने की आवाज़,93397.0,MAHHIN/2007/20840,KAMAL R. DADHICH,MAH,THANE,W
MAHHIN07376,MUMBAI CITY AWAZ,मुंबई सिटी आवाज़,102323.0,MAHHIN/2009/29766,DHANWAN MOHANDAS TALREJA,MAH,THANE,W
MAHMAR53094,YUVADESH AWAZ,nan,,nan,MAYUR CHANDRASHEKHAR KULKARNI,MAH,THANE/ ULHASNAGAR,M
MAHMAR52769,LOKMADHYAM AWAZ JANATECHA,nan,,nan,PRANAY RAJENDRA DHOLE,MAH,WARDHA,W
MAHBIL05823,WARDHA KI AAWAZ,वर्धा की आवाज़,103680.0,MAHBIL/2009/31123,GANESH AMARCHANDJI BHUTADA,MAH,WARDHA,W
MAHMAR11988,ARVI AWAZ,अर्वी आवाज़,62978.0,62978/ 94,GAJAY BABARAO LAMBADE,MAH,WARDHA,W
MAHMAR42420,VIDARBHACHA AWAZ VIDARBHA MAZA,विदर्भाचा आवाज़ विदर्भ माज़ा,123994.0,MAHMAR/2013/51439,HARSHAL SHANKARRAO KALE,MAH,WARDHA,W
MAHMAR52768,LOKMADHYAM AWAZ JANATECHA,nan,,nan,PRANAY RAJENDRA DHOLE,MAH,WARDHA,W
MAHMAR23319,GARIB MANSACHI AWAZ,गरीब माणसाची आवाज़,82454.0,MAHMAR/2002/09897,NASIM PATEL RASHID PATEL,MAH,YAVATMAL,W
MAHHIN08991,AWAZ-E-BHARAT,आवाज़-ए-भारत,123291.0,MAHHIN/2013/50736,RASIKA JAWANJAL,MAH,YAVATMAL,W
MPHIN35938,USHMA KI AWAZ,nan,,nan,SHARIF AHMMD,MP,ASHOK NAGAR,D
MPHIN23517,KARNDHAR APKI AWAZ,कर्णधार आपकी आवाज़,108785.0,MPHIN/2009/36228,B.R.AGRAWAL,MP,ASHOK NAGAR,W
MPHIN30111,AWAZ TRIBAL KI,आवाज ट्राइबल की,130787.0,MPHIN/2014/58232,BHANUPRATAP SINGH PATEL,MP,BADWANI,W
MPHIN23589,LAHU KI AAWAZ,लहू की आवाज़,102304.0,MPHIN/2009/29747,SALIM SHAH,MP,BALAGHAT,M
MPHIN23546,BETUL KI AAWAZ,बैतूल की आवाज़,108777.0,MPHIN/2009/36220,RAMDAS PATIL,MP,BETUL,W
MPHIN03770,MARGHAT KI AWAZ,मरघट की आवाज़,52123.0,52123/ 90,BHARAT SINGH RAWAT,MP,BHIND,M
MPHIN37440,NAWAZ EXPRESS,नवाज़ एक्सप्रेस,154431.0,MPHIN/2022/81876,MOHAMMAD JAHANGIR,MP,BHOPAL,D
MPHIN33567,PRERNA KI AWAZ,प्रेरणा की आवाज,142201.0,MPHIN/2016/69646,RAFEEQ AHMED,MP,BHOPAL,D
MPHIN35709,YATHAVAT AAWAZ,यथावत आवाज,152921.0,MPHIN/2020/80366,VIKAS SITHOLIYA,MP,BHOPAL,DE
MPHIN38589,SACHCHAI KI AWAZ TODAY,nan,,nan,MAMTA RAY,MP,BHOPAL,F
MPHIN38561,MADYA BHARAT KI AAWAZ,nan,,UR,VANSH KATARE,MP,BHOPAL,M
MPHIN32182,PRADESH KI JANTA KI AWAZ,प्रदेश की जनता की आवाज,145876.0,MPHIN/2017/73321,POORAN SINGH,MP,BHOPAL,M
MPHIN25796,NARMADANCHAL KI AWAZ,नर्मदांचल की आवाज़,113027.0,MPHIN/2011/40470,RAJESH DUBEY,MP,BHOPAL,M
MPHIN36972,BULAND PRADESH KI AWAZ,बुलंद प्रदेश की आवाज,154596.0,MPHIN/2021/82041,MOHAMMAD SHARIF KHAN,MP,BHOPAL,M
MPHIN37513,NASHEMAN KI AAWAZ,नशेमन की आवाज़,158066.0,MPHIN/2022/85511,SIDDIQ ULLAH,MP,BHOPAL,M
MPHIN32872,MUKHAR AWAZ,मुखर आवाज,141303.0,MPHIN/2016/68748,RAHUL PATIL,MP,BHOPAL,M
MPHIN26869,AAM AADMI KI AWAZ,आम आदमी की आवाज़,124425.0,MPHIN/2013/51870,RAMAN BHAGAT,MP,BHOPAL,M
MPHIN37482,NAWAZ KI DUNIYA,नवाज़ की दुनिया,155214.0,MPHIN/2022/82659,MOHAMMAD JAHANGEER,MP,BHOPAL,M
MPHIN22789,MANTRALAYA KI AWAZ,मंत्रालय की आवाज़,103579.0,MPHIN/2009/31022,KU. GARIMA RAI,MP,BHOPAL,M
MPHIN36967,HUM UTHAYENGE APKI AWAZ,हम उठाएंगे आपकी आवाज़,155129.0,MPHIN/2021/82574,AHSAN ULLA KHAN,MP,BHOPAL,M
MPHIN36444,KAMPEL KI AWAZ,कम्पेल की आवाज़,152798.0,MPHIN/2021/80243,NAJMA BEE,MP,BHOPAL,M
MPHIN32607,KAYNAT KI AWAZ,कायनात की आवाज,145200.0,MPHIN/2017/72645,KAYNAT,MP,BHOPAL,M
MPHIN25768,EKTA KI AWAZ,एकता की आवाज़,114203.0,MPHIN/2011/41646,RAMIZ KHAN,MP,BHOPAL,M
MPHIN37842,SAMMAN KI AAWAZ,सम्मान की आवाज,157854.0,MPHIN/2022/85299,MEENA GUPTA,MP,BHOPAL,M
MPBIL02551,KERWA KI AWAZ,nan,,nan,PRIYANKA MEENA,MP,BHOPAL,M
MPHIN32508,BOLTI AWAZ,बोलती आवाज,139613.0,MPHIN/2016/67058,VINAYAK RATHORE,MP,BHOPAL,M
MPHIN25840,JAMBUDEEP KI AWAZ,जम्बूद्वीप की आवाज़,112811.0,MPHIN/2011/40254,UMESH DUBEY,MP,BHOPAL,M
MPHIN25795,ARYAVRAT KI AWAZ,आर्यव्रत की आवाज़,112822.0,MPHIN/2011/40265,SANGEETA DIXIT,MP,BHOPAL,M
MPHIN31261,SIHOR KI AWAZ,सीहोर की आवाज,140142.0,MPHIN/2016/67587,JAISHANKAR PRASAD MISHRA,MP,BHOPAL,M
MPHIN36448,SAPTRANG KI AWAZ,सप्तरंग की आवाज,155377.0,MPHIN/2021/82822,ASTHA TRIPATHI,MP,BHOPAL,M
MPHIN23810,PRAJAPATI AAWAZ,प्रजापति आवाज़,111764.0,MPHIN/2009/39207,ASHOK PRAJAPATI,MP,BHOPAL,M
MPHIN33825,SHYAM NAGAR KI AWAZ,श्याम नगर की आवाज,143878.0,MPHIN/2017/71323,DEEVAN SINGH SEN,MP,BHOPAL,M
MPHIN29552,PRIYA KI AWAZ,प्रिया की आवाज़,126125.0,MPHIN/2013/53570,SURESH MEHRA,MP,BHOPAL,M
MPHIN29716,RAISEN KI AWAZ,रायसेन की आवाज़,126500.0,MPHIN/2013/53945,HABEEB UR REHMAAN,MP,BHOPAL,M
MPHIN38506,APNI AWAZ,nan,,nan,SAJID KHAN,MP,BHOPAL,M
MPHIN38445,SARAL AWAZ,nan,,nan,RANI JAHAN,MP,BHOPAL,M
MPHIN29521,ABHA AWAZ,आभा आवाज,133597.0,MPHIN/2014/61042,BINNY JOHN,MP,BHOPAL,M
MPHIN32365,MAARAN KI AWAZ,मारन की आवाज,140120.0,MPHIN/2015/67565,MALLU SINGH MARAN,MP,BHOPAL,M
MPHIN34259,SAMYAK AWAZ,सम्यक आवाज,144762.0,MPHIN/2017/72207,SATISH CHAHANDE,MP,BHOPAL,M
MPHIN32408,ARAHANT AWAZ KA,अरहंत आवाज का,141660.0,MPHIN/2016/69105,DEVENDRA,MP,BHOPAL,M
MPHIN35971,SANSKAR KI AWAZ,संस्कार की आवाज,154913.0,MPHIN/2021/82358,SHAILENDRA KUMAR,MP,BHOPAL,M
MPBIL01035,SARVA HARA KI AWAZ,सर्वहारा की आवाज,90426.0,MPBIL/2005/17869,PARAM SUKH SHAKYA,MP,BHOPAL,M
MPHIN36767,CHHATRASAL KI AWAZ,छत्रसाल की आवाज,155874.0,MPHIN/2021/83319,PREETAM SINGH KUSHWAHA,MP,BHOPAL,M
MPHIN36319,AWAZ UTHNAA,आवाज उठना,155959.0,MPHIN/2021/83404,KIRAN PAL,MP,BHOPAL,M
MPHIN29107,KOLAR KI AWAZ,कोलार की आवाज,133946.0,MPHIN/2014/61391,SUNITA PATEL,MP,BHOPAL,M
MPHIN36111,AAWAZ E ALFAZ,आवाज ए अल्फाज,154296.0,MPHIN/2021/81741,NADEEM,MP,BHOPAL,M
MPHIN26945,BAGHWAN KI AAWAZ,बाग़वान की आवाज़,116719.0,MPHIN/2012/44162,IMRAN AHMED,MP,BHOPAL,M
MPHIN25765,REPORTER KI AWAZ,रिपोर्टर की आवाज़,118284.0,MPHIN/2011/45727,FAIZ UL HAQ,MP,BHOPAL,M
MPHIN29648,NAMAN KI AWAZ,नमन की आवाज,131555.0,MPHIN/2013/59000,KAJAL DEVI,MP,BHOPAL,M
MPHIN29734,SHAHEEDON KI AWAZ,शहीदों की आवाज़,126504.0,MPHIN/2013/53949,KRISHAN LAL YADAV,MP,BHOPAL,M
MPHIN34057,SHABDO KI AWAZ,शब्दो की आवाज,149679.0,MPHIN/2017/77124,VISHAL PAL,MP,BHOPAL,Q
MPHIN39116,SONGARH KI AWAZ,nan,,nan,NEHA RATHORE,MP,BHOPAL,Q
MPHIN33201,BUDDHA KI AWAZ,बुद्ध की आवाज,146068.0,MPHIN/2016/73513,SUBHASH KHEDKAR,MP,BHOPAL,Q
MPHIN36205,SHIREEN KI AAWAZ,शिरीन की आवाज़,152695.0,MPHIN/2021/80140,SHIREEN,MP,BHOPAL,W
MPHIN32849,SWADESH KI AWAZ,स्वदेश की आवाज़,149389.0,MPHIN/2016/76834,SANTOSH VERMA,MP,BHOPAL,W
MPHIN33696,JAGRUK AWAZ,nan,143313.0,MPHIN/2016/70758,KAVITA,MP,BHOPAL,W
MPHIN07777,HASHMI KI AWAZ,हाशमी की आवाज़,56422.0,56422/ 93,AYESHA HASHMI,MP,BHOPAL,W
MPHIN27452,INQUILABI AWAZ,इंक़लाबी आवाज,125091.0,MPHIN/2012/52536,JAMIAT AAMAL MUSLIM COMMITTEE,MP,BHOPAL,W
MPHIN37888,RIYANSH KI AWAZ,nan,,nan,ANJANI PAL,MP,BHOPAL,W
MPHIN35409,ZOHRA KI AWAZ,जोहरा की आवाज,156047.0,MPHIN/2022/83492,MANSOOR ALI KHAN,MP,BHOPAL,W
MPHIN36085,MADHYANCHAL KI AWAZ,मध्यांचल की आवाज़,152083.0,MPHIN/2020/79528,MOHAMMAD ISHAN KHAN,MP,BHOPAL,W
MPHIN36220,LEKHAK KI AWAZ,लेखक की आवाज़,152941.0,MPHIN/2021/80386,PINKA DEVI,MP,BHOPAL,W
MPHIN25094,AMAN KI AWAZ,अमन की आवाज़,125132.0,MPHIN/2010/52577,DEVENDRA GUPTA,MP,BHOPAL,W
MPHIN24652,MAN KI AWAZ,मन की आवाज़,109461.0,MPHIN/2010/36904,KAVITA SINGH,MP,BHOPAL,W
MPHIN06566,UDAY KI AWAZ,उदय की आवाज़,47512.0,47512/ 86,UDAI PRATAP SINGH,MP,BHOPAL,W
MPHIN25648,SAMUDAY KI AWAZ,समुदाय की आवाज़,110139.0,MPHIN/2011/37582,SUKHENDRA PATEL,MP,BHOPAL,W
MPHIN27508,MAHA KAUSHAL KI AAWAZ,महा कौशल की आवाज़,116370.0,MPHIN/2012/43813,PARDEEP DUBEY,MP,BHOPAL,W
MPHIN19972,SARVDHARAM KI AAWAZ,सर्वधर्म की आवाज,92927.0,MPHIN/2006/20370,NASEEM QURESHI,MP,BHOPAL,W
MPHIN30891,SANJEEV KI AWAZ,संजीव की आवाज,135687.0,MPHIN/2015/63132,SANJEEV KUMAR YADAV,MP,BHOPAL,W
MPHIN35596,SAJAG AWAZ,सजग आवाज,151230.0,MPHIN/2019/78675,SANJAY SHARMA,MP,BHOPAL,W
MPHIN12797,PRAJA KI AWAZ,प्रजा की आवाज़,64732.0,64732/ 96,R. B. SAHU,MP,BHOPAL,W
MPHIN32491,BINDAS AWAZ,बिंदास आवाज,138743.0,MPHIN/2016/66188,MEENA VERMA,MP,BHOPAL,W
MPHIN12501,MAHILAON KI AWAZ,महिलाओं की आवाज़,64148.0,64148/ 96,AMBRISH SAXENA,MP,BHOPAL,W
MPHIN13084,JANMANAS KI BULAND AWAZ,जनमानस की बुलंद आवाज़,65856.0,65856/ 97,PUSHPENDRA JAIN,MP,BHOPAL,W
MPHIN24694,SHIV KI AWAZ,शिव की आवाज़,109074.0,MPHIN/2010/36517,RAMCHANDRA WAGH (MUNNA),MP,CHHINDWARA,F
MPHIN32216,CHHINDWARA KI AWAZ,छिन्दवाडा की आवाज,142800.0,MPHIN/2015/70245,ABHISHEK SHUKLA,MP,CHHINDWARA,M
MPHIN35195,PATALKOT KI AWAZ,पातालकोट की आवाज,150249.0,MPHIN/2019/77694,SUMIT SHUKLA,MP,CHHINDWARA,M
MPHIN35194,SATPUDA KI AWAZ,nan,,nan,OMPRAKASH MISHRA,MP,CHHINDWARA,M
MPHIN34941,INDERGARH KI AWAZ,इन्‍दरगढ़ की आवाज,149121.0,MPHIN/2018/76566,AKHILESH MUDGAL,MP,DATIA,W
MPHIN35264,GHOSI AWAZ,घोसी आवाज़,151275.0,MPHIN/2019/78720,MOHAMMAD AYYUB GHOSI,MP,DEWAS,Q
MPHIN39246,PULKIT KI AWAZ,nan,,nan,PUNIT SINGH CHOUHAN,MP,GWALIOR,BM
MPHIN37596,BHAWNA KI AAWAZ,nan,,nan,BHAWNA PAL,MP,GWALIOR,M
MPHIN21461,ISLAMI AWAZ AL HIJAZ,इस्लामी आवाज़ अल-हिजाज़,98390.0,MPHIN/2008/25833,MOHAMMED ZAFAR NOORI,MP,GWALIOR,M
MPHIN35153,DABRA KI AWAZ,डबरा की आवाज,150486.0,MPHIN/2018/77931,MANOJ,MP,GWALIOR,M
MPHIN28645,MADHYA PRADESH KI AAWAZ,मध्य प्रदेश की आवाज़,124130.0,MPHIN/2013/51575,SORABH SAXENA,MP,GWALIOR,M
MPHIN31721,GWALIOR KI AWAZ,ग्वालियर की आवाज,136871.0,MPHIN/2015/64316,SHAILENDRA JHA,MP,GWALIOR,M
MPBIL02384,EK DESH EK AWAZ,एक देश एक आवाज,151291.0,MPBIL/2019/78736,NEERAJ KUMAR ARYA,MP,GWALIOR,M
MPHIN07359,HAMARI AWAZ,हमारी आवाज़,1510.0,1510/ 57,SMT SUMAN SHARMA,MP,GWALIOR,W
MPHIN14256,RASHTRIYA PRACHAND AWAZ TIMES,राष्ट्रीय प्रचंड आवाज़ टाइम्स,72204.0,72204/ 99,J.K.RATHOR,MP,GWALIOR,W
MPHIN02863,KASHID AWAZ,काशिद आवाज़,50177.0,50177/ 89,MOHAMMAD ALAM,MP,GWALIOR,W
MPHIN24353,NARMDAPURAM KI AAWAZ,नर्मदापुरम की आवाज़,107709.0,MPHIN/2010/35152,AJAY SINGH THAKUR,MP,HOSHANGABAD,W
MPHIN18462,JINENDRA KI AWAZ,जिनेन्द्र की आवाज़,86524.0,MPHIN/2004/13967,SANTOSH JAIN MAMA,MP,INDORE,F
MPHIN25146,DABANG AWAZ,दबंग आवाज़,108255.0,MPHIN/2010/35698,BHARAT JALWANI,MP,INDORE,F
MPHIN30740,SANWER KI AWAZ,सांवेर की आवाज,131565.0,MPHIN/2014/59010,ATUL LADANA,MP,INDORE,F
MPHIN20005,ANDHERE KI AWAZ,अंधेरे की आवाज,91688.0,MPHIN/2006/19131,PT.RAM GOPAL SHARMA,MP,INDORE,M
MPHIN21422,YADAV SUDARSHAN AWAZ,यादव सुदर्शन आवाज़,95776.0,MPHIN/2008/23219,RAJ VERMA,MP,INDORE,M
MPHIN23373,SAMUHIK AAWAZ,सामूहिक आवाज़,102697.0,MPHIN/2009/30140,ASHISH KUMAR SINGH CHANDEL,MP,INDORE,W
MPHIN01099,BUNIYADI AWAZ,बुनियादी आवाज़,47698.0,47698/ 89,ATUL KUMAR PATHAK,MP,INDORE,W
MPBIL01759,SAAT DIN KI AWAZ,सात दिन की आवाज़,123411.0,MPBIL/2013/50856,ASHOK GUPTA,MP,INDORE,W
MPHIN21322,ADITYA KI AWAZ,आदित्य की आवाज,95765.0,MPHIN/2007/23208,KUMAR SACHIN NEEMA,MP,INDORE,W
MPHIN28054,TEJASWINI AAWAZ,तेजस्विनी आवाज़,118847.0,MPHIN/2012/46290,MADAN MOHAN PRAJAPAT,MP,INDORE,W
MPHIN36007,INDORE KI AAWAZ,nan,,nan,VIJAY BHATT,MP,INDORE,W
MPHIN10563,BHEED KI AWAZ,भीड़ की आवाज़,56624.0,56624/ 94,LATA HOLKAR,MP,INDORE,W
MPHIN33170,BALAGHAT KI AWAZ,बालाघाट की आवाज,145399.0,MPHIN/2016/72844,SOMITRA SHINDE,MP,JABALPUR,BM
MPHIN32092,GONDWANA KI AWAZ,गोंडवाना की आवाज,140571.0,MPHIN/2016/68016,PREETI SHRIVAS,MP,JABALPUR,D
MPHIN23342,GRAM SABHA KI AWAZ,ग्राम सभा की आवाज़,107588.0,MPHIN/2009/35031,SOCIAL & ENVIRONMENT ATMOSPHERE,MP,JABALPUR,M
MPHIN23918,MANSURI AWAZ,मंसूरी आवाज़,109081.0,MPHIN/2010/36524,SARFRAJ MANSOORI,MP,JABALPUR,M
MPHIN14513,BULAND AWAZ,बुलंद आवाज़,17378.0,17378/ 69,SHAMBHU NARAIN SHARMA,MP,JABALPUR,W
MPHIN25273,TELI AAWAZ,टेली आवाज़,109651.0,MPHIN/2011/37094,MOHAMMAD LIYAQAT PAWAR,MP,KHANDWA,F
MPHIN26259,TARUNAI KI AWAZ,तरुणाई की आवाज़,114677.0,MPHIN/2011/42120,RAJENDRA GUPTA,MP,KHARGAON,W
MPHIN23911,DHAKAD AWAZ,धाकड़ आवाज़,114005.0,MPHIN/2010/41448,DEEWAN SINGH YADAV,MP,MORENA,M
MPHIN39071,SHERPUR KI AWAZ,nan,,UR,DHARMENDRA SINGH,MP,MORENA,M
MPHIN28087,MORENA KI AWAZ,मोरेना की आवाज़,124442.0,MPHIN/2012/51887,SUNEETA RATHOR,MP,MORENA,W
MPBIL02571,LOKHIT KI AWAZ,nan,,nan,RAMJI CHOUDHARY,MP,NARSINGHPUR,D
MPHIN15950,GUNGO KI AWAZ,गूंगों की आवाज़,75133.0,MPHIN/2000/02576,GEETA SHAKYAVAR,MP,NEEMACH,M
MPHIN35959,BHOJPUR KI AWAZ,भोजपुर की आवाज,151766.0,MPHIN/2020/79211,MITHLESH RAGHUVANSHI,MP,RAISEN,W
MPBIL36653,PEHLI AWAZ,nan,,UR,PAVAN PARIHAR,MP,RAJGARH,M
MPHIN24601,KHABRON KI AWAZ,ख़बरों की आवाज़,112116.0,MPHIN/2010/39559,HARI SHANKAR CHAURASIA,MP,RAJGARH,W
MPBIL02119,SHRAMJIVI PATRAKAR AWAZ,श्रमजीवी पत्रकार आवाज,142932.0,MPBIL/2016/70377,RAVI SHARMA,MP,RATLAM,M
MPHIN18070,UDDHAV KI AWAZ,उद्धव की आवाज़,83630.0,MPHIN/2003/11073,JANAK NAGAL,MP,RATLAM,W
MPHIN10872,JANMAT KI AWAZ,जनमत की आवाज़,61873.0,61873/ 94,HEMANT KUMAR KOTHARI,MP,RATLAM,W
MPHIN32519,CHEEKHTI AWAZEN,nan,,UR,ASHOK SAMDARIYA,MP,REWA,M
MPHIN37680,MEDIA AWAZ,मीडिया आवाज,158858.0,MPHIN/2023/86303,HIMANSHU DWIVEDI,MP,SATNA,W
MPHIN35027,SATNA KI AWAZ,सतना की आवाज़,151692.0,MPHIN/2020/79137,MAHENDRA KASHYAP,MP,SATNA,W
MPHIN31746,BEOHARI KI AWAZ,ब्यौहारी की आवाज,137732.0,MPHIN/2015/65177,ANJU SARAF,MP,SHAHDOL,M
MPHIN29914,SHIVPURI KI AWAZ,शिवपुरी की आवाज़,131104.0,MPHIN/2014/58549,ASHOK THAKUR,MP,SHIVPURI,D
MPHIN16963,KRISHNA KI AWAZ,कृष्ण की आवाज़,83669.0,MPHIN/2003/11112,KRISHNA GOPAL SHARMA,MP,SHIVPURI,W
MPHIN27238,KOYALANCHAL KI AWAZ,कोयलांचल की आवाज़,124712.0,MPHIN/2012/52157,SANTOSH KUMAR SRIVASTAVA,MP,SINGRAULI,W
MPHIN33695,SINGRAULI KI AWAZ,सिंगरौली की आवाज,149625.0,MPHIN/2018/77070,ATUL KUMAR DUBEY,MP,SINGRAULI,W
MPHIN31684,SIRONJ KI AWAZ,सिरोंज की आवाज,142190.0,MPHIN/2015/69635,JAGDISH SINGH RAJPOOT,MP,SIRONJ,M
MPHIN33905,TIKAMGARH KI AWAZ,टीकमगढ़ की आवाज,149104.0,MPHIN/2017/76549,LATIF ALI,MP,TIKAMGARH,W
MPHIN27151,ALPSANKHYAKO KI AAWAZ,अल्पसंख्यकों की आवाज़,116390.0,MPHIN/2012/43833,SALEEM AHMAD,MP,UJJAIN,F
MPHIN35276,NAGDA KI AWAZ,नागदा की आवाज,150705.0,MPHIN/2019/78150,SURESH CHANDRA GUPTA,MP,UJJAIN,F
MPHIN05412,VIKRAM KI AWAZ,विक्रम की आवाज़,47506.0,47506/ 87,SURESH CHANDER JOSHI,MP,UJJAIN,W
MPHIN09644,MAHAKAL KI AWAZ,महाकाल की आवाज़,56560.0,56560/ 92,DEVENDRA GEHLOT,MP,UJJAIN,W
MPHIN06639,URGENT AWAZ,अर्जेंट आवाज़,52085.0,52085/ 91,NARESH SONI,MP,UJJAIN,W
MPHIN07146,SHRIVASTAVA KI AWAZ,श्रीवास्तव की आवाज़,52217.0,52217/ 91,DILIP KUMAR SHRIVASTAVA,MP,UJJAIN,W
MPHIN01673,DIL KI AWAZ,दिल-की-आवाज़,17287.0,17287/ 69,JEEVAN LAL KANWAL,MP,UJJAIN,W
MPHIN33005,VEERANGANO KI AWAZ,वीरांगनाओं की आवाज,145060.0,MPHIN/2017/72505,SUKAMRAM KIRAR,MP,VIDISHA,W
ODIENG01224,THE AWAZ BHARAT NEWS,nan,,nan,AWAZ BHARAT NEWS,ODI,ANUGUL,A
ODIHIN00084,UTKAL AWAZ,उत्कल आवाज़,64229.0,64229/ 96,K.K PRAJAPATI,ODI,ROURKELA,D
PUNMUL00016,AIWSCO KI AAWAZ,AIWSCO KI AAWAZ,46607.0,46607/ 87,VIJAY KUMAR SULTANA,PUN,AMRITSAR,W
PUNPUN03728,WAQT DI AWAZ,वक़्त दी आवाज़,103896.0,PUNPUN/2010/31339,AKESH KUMAR,PUN,BARNALA,W
PUNPUN04141,AJ DI AWAZ,आज दी आवाज,142652.0,PUNPUN/2015/70097,"PANTH MATA SAHIB KAUR, CHARITABLE TRUST",PUN,BATHINDA,D
PUNBIL01071,LOGO KI AWAZ,लोगों की आवाज़,51490.0,51490/ 92,LEKH RAJ BATHLA,PUN,FARIDKOT,W
PUNPUN04163,FATEHGARH DI AWAZ,nan,148027.0,PUNPUN/2017/75472,KAPIL KUMAR,PUN,FATEHGARH SAHIB,W
PUNHIN00684,THOS AWAZ,ठोस आवाज़,19500.0,19500/ 70,BALDEO RAJ KAUSHAL,PUN,FEROZEPUR,W
PUNMUL01395,FEROZEPUR DI AWAZ,nan,,nan,PREM SAGAR,PUN,FIROZPUR,D
PUNPUN02799,AZADI KI AWAZ,आज़ादी की आवाज़,62685.0,62685/ 95,AMARDEEP SINGH,PUN,FIROZPUR,F
PUNHIN01634,ABOHAR KI AWAZ,अबोहर की आवाज़,113876.0,PUNHIN/2010/41319,GURPREET SINGH,PUN,FIROZPUR,W
PUNPUN00183,BAHUJAN AWAZ,बहुजन आवाज़,46717.0,46717/ 88,SATISH KUMAR,PUN,JALANDHAR,D
PUNBIL00011,AJ DI AWAZ,आज दी आवाज़,46843.0,46843/ 90,"PANTH MATA SAHIB KAUR, CHARITABLE TRUST",PUN,JALANDHAR,D
PUNPUN04180,DOABE DI AWAZ,nan,149457.0,PUNPUN/2018/76902,RAJ KUMAR,PUN,JALANDHAR,F
PUNPUN03624,ALAMI PUNJABI AWAZ,अलामी पंजाबी आवाज़,96752.0,PUNPUN/2008/24195,MAJOR SINGH,PUN,JALANDHAR,M
PUNPUN01630,SAB DI AWAZ,सब दी आवाज़,46841.0,46841/ 89,HUSSAN LAL,PUN,JALANDHAR,THW
PUNPUN04159,NIROL AWAZ,nan,146108.0,PUNPUN/2017/73553,GURPREET SINGH,PUN,JALANDHAR,W
PUNPUN04179,BHOGPUR DI AWAZ,nan,150002.0,PUNPUN/2018/77447,RAJINDER ARORA,PUN,JALANDHAR,W
PUNURD01158,LOK AWAZ,लोक आवाज़,437.0,437/ 59,SHRI RUP LAL,PUN,JALANDHAR,W
PUNPUN03306,AWAM KI AWAZ,अवाम की आवाज़,76615.0,PUNPUN/2001/04058,KAMAL PAHWA,PUN,KAPURTHALA,M
PUNPUN04132,NIRPAKH AWAZ,nan,148147.0,PUNPUN/2016/75592,HARIJINDER SINGH MANDA,PUN,KAPURTHALA,W
PUNBIL00867,AWAZ E KARAMCHARI,आवाज़ ए कर्मचारी,26318.0,26318/ 74,RAKESH,PUN,LUDHIANA,M
PUNPUN03737,PRARTHANA BHAWAN DI AWAZ,प्रार्थना भवन दी आवाज़,105936.0,PUNPUN/2010/33379,FR. BASIL,PUN,LUDHIANA,M
PUNBIL00910,JAGRAON DI AWAZ,जगराओं दी आवाज़,73247.0,PUNBIL/2000/00690,NARESH GOYAL,PUN,LUDHIANA,W
PUNPUN02973,AWAZ-E-GARIBJAN,आवाज़-ए-गरीबजन,69346.0,69346/ 98,DR.P.L.KAKKAR,PUN,LUDHIANA,W
PUNPUN04164,MANSA DI AWAZ,nan,148235.0,PUNPUN/2018/75680,BALJEET SINGH,PUN,MANSA,W
PUNPUN02911,BHARAT DI AWAZ,भारत दी आवाज़,67154.0,67154/ 97,TARLOCHAN SINGH,PUN,MOHALI,F
PUNPUN03430,SUCH DI AAWAZ,स‍च दी आवाज,98327.0,PUNPUN/2004/25770,BHIM SEN ARORA,PUN,MUKTSAR,F
PUNPUN03857,AWAZ E KHALKHAT,आवाज़ ए खलखत,120299.0,PUNPUN/2012/47742,JASPAL MATHARU,PUN,MUKTSAR,W
PUNHIN01114,LOGO KI AWAZ,लोगों की आवाज़,69803.0,69803/ 92,LEKH RAJ BATHLA,PUN,MUKTSAR,W
PUNPUN03081,MOHAN DI AWAZ,मोहन दी आवाज़,51557.0,51557/ 93,MANMOHAN SINGH,PUN,PATIALA,D
PUNPUN02784,RAMA DI AWAZ,रामा दी आवाज़,64045.0,64045/ 96,SMT.JASBIR KAUR RANA,PUN,PATIALA,D
PUNPUN03592,QAUMI SOORA PANTH DI AWAZ,कौमी सूरा पंथ दी आवाज़,96408.0,PUNPUN/2007/23851,ATINDER PAL SINGH,PUN,PATIALA,M
PUNPUN00422,DUKHI MUZDURAN DI AWAZ,दुखी मज़दूरां दी आवाज़,10185.0,10185/ 64,SOHAN LAL DUKHI,PUN,PATIALA,M
PUNPUN03872,PUNJAB DI AWAZ,पंजाब दी आवाज़,122011.0,PUNPUN/2012/49456,BHEEM SAIN,PUN,PATIALA,W
PUNPUN02444,DUKHI MAZDOORAN DI AWAZ,दुखी मज़दूरां दी आवाज़,30720.0,30720/ 77,SOHANLAL DUKHI,PUN,PATIALA,W
PUNPUN04279,SAADI AAWAZ,nan,,nan,HARMAN SINGH,PUN,PATIALA,W
PUNMUL01338,PUNJAB DI AWAZ,nan,15584.0,15584/ 68,SADHU SINGH DHALIWAL,PUN,PATIALA,W
PUNMUL01263,AZAD AWAZ,आज़ाद आवाज़,127075.0,PUNMUL/2016/54520,AVTAR SINGH HOTHI,PUN,PATIALA,W
PUNPUN02702,KHOKHAR DI AWAZ,खोखर दी आवाज़,51568.0,51568/ 93,HARMINDER SINGH KHOKHAR,PUN,PATIALA,W
PUNPUN03090,PANCHAYAT AWAZ,पंचायत आवाज़,15639.0,15639/ 68,GURCHARAN SINGH MANNI,PUN,PATIALA,W
PUNPUN03116,SANJI AWAZ,सांजी आवाज़,33975.0,33975/ 80,CHANDER SHAKHAR JOLLY,PUN,PATIALA,W
PUNHIN01954,AWAZ BHAGAT SINGH KI PATTARIKA,nan,,nan,NEENA KUMAR,PUN,S.A.S. NAGAR,D
PUNPUN04018,CRIME AWAZ,क्राइम आवाज़,142992.0,PUNPUN/2016/70437,GURINDER SINGH SODHI,PUN,SANGRUR,F
PUNPUN04254,SUNAM DI AWAZ,nan,,nan,PARAMJIT SINGH,PUN,SANGRUR,M
PUNPUN03745,TUHADI AWAZ,तुहाडी आवाज़,105488.0,PUNPUN/2010/32931,NARESH KUMAR CHHAHRIA,PUN,SANGRUR,W
RAJHIN17395,AJMER KI AWAZ,अजमेर की आवाज़,146625.0,RAJHIN/2015/74070,GAJENDRA SINGH,RAJ,AJMER,F
RAJHIN15146,AWAZ TODAY,आवाज़ टुडे,104462.0,RAJHIN/2010/31905,RAJENDRA KUMAR SHARMA,RAJ,AJMER,F
RAJHIN17627,RAVNA KI AWAZ,रावणा की आवाज,137797.0,RAJHIN/2015/65242,BHAIRU SINGH,RAJ,AJMER,F
RAJHIN16915,ADHIKAR KI AWAZ,अधिकारी की आवाज,131742.0,RAJHIN/2014/59187,ANITA,RAJ,AJMER,F
RAJBIL00333,MERE GARIB NAWAZ,मेरे गरीब नवाज़,48513.0,48513/ 88,SAYED AZIZUR REHMAN BURAKI,RAJ,AJMER,M
RAJHIN12526,AWAZ RAJASTHAN KI,आवाज़ राजस्थान की,84884.0,RAJHIN/2004/12327,VIJAY KUMAR PARASHAR,RAJ,AJMER,W
RAJHIN00655,BAL KI AWAZ,बल की आवाज़,30875.0,30875/ 75,PURAN SINGH CHAUHAN,RAJ,ALWAR,F
RAJHIN05285,SHIKSHA JAGAT KI AWAZ,शिक्षा जगत की आवाज़,31217.0,31217/ 77,H O JHIRIWAL,RAJ,ALWAR,F
RAJHIN05196,SHAKTISHALI AAWAZ,शक्तिशाली आवाज़,35074.0,35074/ 79,INDER KUMAR TULANI,RAJ,ALWAR,M
RAJHIN15797,MARWAR KI AWAZ,मारवाड़ की आवाज़,116909.0,RAJHIN/2012/44352,SANJAY SHARMA,RAJ,BARMER,W
RAJHIN02870,LOHAGARH KI AWAZ,लोहागढ़ की आवाज,35285.0,35285/ 80,SHRAWAN KUMAR GUPTA,RAJ,BHARATPUR,F
RAJHIN06306,AWAZ,आवाज़,3751.0,3751/ 57,TULSI RAM MITTAL,RAJ,BHARATPUR,W
RAJHIN17649,BHARATPUR KI AWAZ,भरतपुर की आवाज़,140210.0,RAJHIN/2016/67655,MANSINGH,RAJ,BHARATPUR,W
RAJHIN09576,LUNAKARANSAR KI AWAZ,लूणकरणसर की आवाज़,68874.0,68874/ 96,RAJKUMAR BHATIYA,RAJ,BIKANER,F
RAJHIN06985,BIKANER KE AWAZ,बीकानेर के आवाज़,48676.0,48676/ 89,S. MAHMOOD,RAJ,BIKANER,W
RAJHIN02250,JHONPARI KI AWAZ,झोंपड़ी की आवाज़,17954.0,17954/ 69,ACHARYA NARENDER DEV PRAKASHAN SAHKARI SAMITI,RAJ,BIKANER,W
RAJHIN15940,AAMJAN KI AWAZ,आमजन की आवाज़,115809.0,RAJHIN/2012/43252,KULDEEP AGRAWAL,RAJ,CHITTAURGARH,F
RAJHIN12177,AWAZ APKI KALAM HAMARI,आवाज़ आपकी कलम हमारी,81588.0,RAJHIN/2003/09031,DEVENDRA SHARDA,RAJ,CHITTOURGARH,W
RAJHIN26845,SAMAJWAD KI AWAZ,समाजवाद की आवाज़,17967.0,17967/ 69,BAL CHAND SHARMA,RAJ,CHURU,F
RAJHIN12571,MUSLIM AAWAZ,मुस्लिम आवाज़,85874.0,RAJHIN/2004/13317,MOHAMMED ISLAAM,RAJ,CHURU,F
RAJHIN12256,JALTE TEELOM KI AWAZ,जलते टीलों की आवाज़,84176.0,RAJHIN/2003/11619,DR.RAGHUVIR SINGH MOUHAL,RAJ,CHURU,F
RAJHIN13323,DHORA RI AWAZ,धोरा री आवाज़,90785.0,RAJHIN/2005/18228,SUBHASH BAGARIA,RAJ,CHURU,W
RAJHIN01369,DHUNDHAR KI AWAZ,धुआंधार की आवाज़,48609.0,48609/ 89,DEV NARAYAN,RAJ,DAUSA,F
RAJHIN28106,VAGAD KI AAWAZ,nan,,nan,BHOGI LAL NAYAK,RAJ,DUNGARPUR,BM
RAJHIN15524,JAAT KI AWAZ,जाट की आवाज़,108341.0,RAJHIN/2010/35784,MANGALA RAM,RAJ,HANUMANGARH,F
RAJHIN17069,AWAZ BHATNER KI,आवाज भटनेर की,131300.0,RAJHIN/2014/58745,SANJEEV KUMAR GOYAL,RAJ,HANUMANGARH,F
RAJHIN16388,RAHASYAMAYI AAWAZ,रहस्यमयी आवाज,130782.0,RAJHIN/2013/58227,SHRIKANT SHARMA,RAJ,HANUMANGARH,M
RAJHIN27616,SANGARIA KI AWAZ,संगरिया की आवाज,152235.0,RAJHIN/2020/79680,POONAM GOSWAMI,RAJ,HANUMANGARH,W
RAJHIN16958,JAIPUR KI AAWAZ,जयपुर की आवाज,127433.0,RAJHIN/2013/54878,GAURI SHANKAR SHARMA,RAJ,JAIPUR,D
RAJHIN02733,KUMAWAT AWAZ,कुमावत आवाज़,35083.0,35083/ 79,CHATURBHUJ KUMAWAT,RAJ,JAIPUR,F
RAJHIN03378,NAAG AWAZ,नाग आवाज़,38108.0,38108/ 81,PREM NARAYAN MATHUR,RAJ,JAIPUR,F
RAJHIN27038,JOSHILI AWAZ,जोशीली आवाज़,31122.0,31122/ 77,PREM SHARMA,RAJ,JAIPUR,F
RAJHIN13899,VIPRA AWAZ,विप्र आवाज़,94097.0,RAJHIN/2007/21540,UMESH KUMAR SHARMA,RAJ,JAIPUR,F
RAJHIN01236,DHARD KI AWAZ,धार की आवाज़,35283.0,35283/ 80,VIRENDRA KUMAR,RAJ,JAIPUR,F
RAJHIN12819,JAIPUR KI AAWAZ,जयपुर की आवाज,88168.0,RAJHIN/2004/15611,GAURI SHANKAR SHARMA,RAJ,JAIPUR,F
RAJHIN13167,NIRALI AWAZ,निराली आवाज़,88938.0,RAJHIN/2005/16381,GORISHANKAR SHARMA,RAJ,JAIPUR,F
RAJHIN09547,HARIYALI DHARATI KI AWAZ,हरियाली धरती की आवाज़,69958.0,69958/ 98,SATYANARAYAN SHARMA,RAJ,JAIPUR,F
RAJENG00213,LAWAZMA,लावज़मा,39637.0,39637/ 82,RIDHKARAN SINGH,RAJ,JAIPUR,F
RAJHIN17437,JANTANTRA KI AWAZ,जनतंत्र की आवाज,138293.0,RAJHIN/2015/65738,GOPAL GUPTA,RAJ,JAIPUR,F
RAJHIN14621,KHOPADI KI AWAZ,खोपड़ी की आवाज़,48831.0,48831/ 89,BALDEV MALIK,RAJ,JAIPUR,F
RAJBIL00548,SANGTHAN KI AWAZ,संगठन की आवाज़,48528.0,48528/ 88,GIRRAJ KISHOR SHARMA,RAJ,JAIPUR,M
RAJHIN03762,PASINE KI AWAZ,पसीने की आवाज़,17982.0,17982/ 69,RAMJAN KHAN 'AZAD',RAJ,JAIPUR,M
RAJBIL01166,PENSIONER KE AWAZ,पेंशनर की आवाज़,80557.0,RAJBIL/2002/08000,SHIV CHARAN SINGH CHAUHAN,RAJ,JAIPUR,M
RAJHIN03376,NAAD KI AWAZ,नाद की आवाज़,67667.0,67667/ 97,CHANDA SONI,RAJ,JAIPUR,M
RAJHIN14454,MAHILA KI AAWAZ,महिला की आवाज,105350.0,RAJHIN/2010/32793,INDU JANJANI,RAJ,JAIPUR,M
RAJHIN04994,SANS KI AWAZ,सांस की आवाज़,31023.0,31023/ 76,BINDU KUMAR DADHICH,RAJ,JAIPUR,M
RAJURD00127,YUG KI AWAZ,युग की आवाज़,35302.0,35302/ 80,RAMESH MISHRA,RAJ,JAIPUR,W
RAJHIN10676,BEDHARAK AWAZ,बेधड़क आवाज़,7306.0,7306/ 63,ARUNA GAUR,RAJ,JAIPUR,W
RAJHIN01346,DHARTI KI AWAZ,धरती की आवाज़,7309.0,7309/ 63,JEEWAN SINGH BHATI,RAJ,JAIPUR,W
RAJHIN06740,RAJASTHAN MAIN SABKI AWAZ,राजस्थान में सबकी आवाज़,48909.0,48909/ 91,ANIL NATANI,RAJ,JAIPUR,W
RAJHIN00389,ANTAR AWAZ,अंतर आवाज़,31413.0,31413/ 78,RAVINDRA NATH PAREEK,RAJ,JAIPUR,W
RAJHIN17213,ICWS AWAZ,आई०सी०डब्ल्यू०एस० आवाज़,133420.0,RAJHIN/2015/60865,INFORMATION COLLECTION WELFARE SOCIETY,RAJ,JAISALMER,M
RAJHIN06809,BEDHARAK AMBER KI AWAZ,बेधरक अम्बर की आवाज़,54559.0,54559/ 91,CHIMANLAL SAINI,RAJ,JALAUR,W
RAJHIN02079,JALORE KI AWAZ,जालोर की आवाज़,48554.0,48554/ 87,BHAWANI SHANKAR TAK,RAJ,JALAUR,W
RAJHIN14668,BEDHADAK AMBERKI AWAZ,बेधड़क अम्बरकी आवाज़,54599.0,54599/ 91,CHIMAN LAL SONI,RAJ,JALOR,W
RAJHIN16858,HADAUTI KI AAWAZ,हाड़ौती की आवाज़,127524.0,RAJHIN/2014/54969,PURUSHOTTAM SHARMA,RAJ,JHALAWAR,W
RAJHIN15878,PILANI KI AWAZ,पिलानी की आवाज़,117209.0,RAJHIN/2011/44652,ANIL KUMAR KALIA,RAJ,JHUNJHUNU,F
RAJHIN10506,DAMARU KI AWAZ SUNO,डमरू की आवाज़ सुनो,71086.0,71086/ 98,JAGDISH PRASAD SHAH,RAJ,JHUNJHUNU,F
RAJHIN01216,DALIT AWAZ,दलित आवाज़,7383.0,7383/ 63,NARASINGH DEO,RAJ,JODHPUR,F
RAJHIN06299,AAP KI AWAZ,आप-की-आवाज़,10388.0,10388/ 66,RADHA TRIVEDI PR,RAJ,JODHPUR,W
RAJHIN07946,AKSHAR KI AWAZ,अक्षर की आवाज़,62993.0,62993/ 95,YOGESH JOSHI,RAJ,KOTA,D
RAJHIN02194,JANTA KI AWAZ,जनता की आवाज़,3532.0,3532/ 57,BODHRAJ SAHNI,RAJ,KOTA,W
RAJHIN13753,NAGAUR KI AWAZ,नागौर की आवाज,95078.0,RAJHIN/2006/22521,RAM RATAN BISHNOI,RAJ,NAGAUR,D
RAJHIN11816,KUCHAMAN KI AWAZ,कुचामन की आवाज़,81978.0,RAJHIN/2002/09421,MOHD RAFIQ,RAJ,NAGORE,W
RAJHIN07087,JAITARAN KE AWAZ,जैतारण की आवाज़,48851.0,48851/ 90,BHIKAPURI,RAJ,PALI,F
RAJHIN16859,KANTHAL KI AWAZ,कांठल ली आवाज,135879.0,RAJHIN/2015/63324,MANOJ RATHORE,RAJ,PRATAPGARH,D
RAJHIN06248,AWAZ,आवाज़,3569.0,3569/ 57,GOPAL SHARAN VERMA,RAJ,SAWAI MADHOPUR,W
RAJHIN01459,FATEHPUR KI AWAZ,फतेहपुर की आवाज़,38143.0,38143/ 81,YOG RAJ JOSHI,RAJ,SIKAR,D
RAJHIN27060,SIROHI KI AWAZ,सिरोही की आवाज़,139328.0,RAJHIN/2016/66773,ANITA RAJESH RAWAL,RAJ,SIROHI,W
RAJHIN07691,RAJKUMARI KE AWAZ,राजकुमारी की आवाज़,56148.0,56148/ 92,MAHESH CHUGH,RAJ,SRIGANGA NAGAR,W
RAJHIN17398,MATRABHUMI KI AWAZ,nan,146545.0,RAJHIN/2015/73990,INDER KUMAR,RAJ,SRIGANGANAGAR,W
RAJHIN12741,KRISHI AAWAZ,कृषि आवाज़,87274.0,RAJHIN/2005/14717,AAKASH RUPANA,RAJ,SRIGANGANAGAR,W
RAJHIN14666,ABLA KI AWAZ,अबला की आवाज़,54549.0,54549/ 91,ASHOK SHARMA,RAJ,SURATGARH,F
RAJHIN27789,YOUTH KI AWAZ,यूथ की आवाज़,154207.0,RAJHIN/2021/81652,DHEERAJ KUMAR JAIN,RAJ,UDAIPUR,D
RAJHIN01555,GARJATI AWAZ,गरजती आवाज़,28402.0,28402/ 75,SHYAM YOURAJ UDAIPURI,RAJ,UDAIPUR,M
SIKNEP00070,GAWALAY AAWAZZ,गवले आवाज़,91186.0,SIKNEP/2006/18629,D. NEOPANCY,SIK,GANGTOK,W
SIKNEP00047,TIMRO HAMRO AWAZ,तिम्रो हाम्रो आवाज़,84642.0,SIKNEP/2003/12085,AMAR KATOWAL,SIK,GANGTOK,W
TELURD01429,TAWAZUN,तवाज़ुन,136418.0,TELURD/2015/63863,MOHAMMED ABDUL KHADEER,TEL,HYDERABAD,D
TELURD01938,AWAZ-E-DOST,आवाज़-ए-दोस्त,44971.0,44971/ 88,SYED DAWOOD RAFIQUE,TEL,HYDERABAD,D
TELURD02132,DESH KI AWAZ,nan,143654.0,TELURD/2017/71099,SHAIK ILYAS,TEL,HYDERABAD,D
TELURD01939,AWAZ E DECCAN,आवाज़ ए दकन,44975.0,44975/ 88,M A ALEEM FAROOQI,TEL,HYDERABAD,D
TELURD01997,JAMHURIYAT KE AWAZ,जम्हूरियत की आवाज़,52851.0,52851/ 93,MIR QASIM ALI,TEL,HYDERABAD,D
TELURD02085,KHUDRATI AWAZ,क़ुदरती आवाज़,90848.0,APURD/2003/18291,SHAIK YOUSUSF,TEL,HYDERABAD,D
TELURD02009,DECCAN KI AWAZ,दकन की आवाज़,52913.0,52913/ 94,MIR FAIYAZ ALI,TEL,HYDERABAD,D
TELURD00045,TELANGANA KI AWAZ,nan,135227.0,TELURD/2015/62672,FARHA DEEBA,TEL,HYDERABAD,D
TELURD02128,AMRAVATI KI AWAZ,nan,145291.0,TELURD/2017/72736,FAZALULLA KHAN,TEL,HYDERABAD,D
TELURD00004,TAWAZUN,तवाज़ुन,129841.0,TELURD/2014/57286,MOHAMMED ABDUL KHADEER,TEL,HYDERABAD,F
TELURD01907,SUB KI AWAZ,सब की आवाज़,44864.0,44864/ 86,AIRAJ AHHMED JALALI,TEL,HYDERABAD,F
TELURD02131,DESH KI AWAZ,nan,143655.0,TELURD/2017/71100,SHAIK ILYAS,TEL,HYDERABAD,F
TELURD02001,AWAZ-E-QALAM,आवाज़-ए-क़लम,52889.0,52889/ 94,SYED CHAND SHAH KAZMI,TEL,HYDERABAD,M
TELURD01876,AWAZ-E-IMROZ,आवाज़-ए-इमद्रोज़,39005.0,39005/ 80,KARRAR HUSSAIN,TEL,HYDERABAD,M
TELURD01803,AWAZ-E-IMROZ,आवाज़-ए-इमरोज़,37730.0,37730/ 80,KARRAR HUSSAIN KAZMI,TEL,HYDERABAD,M
TELURD02019,AWAZ BEDAR QAWOOM,आवाज़ बेदार क़ौम,52942.0,52942/ 94,MOHAMMED NAZEERUDDIN,TEL,HYDERABAD,W
TELURD01608,AAP KI AWAZ,आप की आवाज़,20934.0,20934/ 70,M.S.KHAN,TEL,HYDERABAD,W
TELURD02060,DESH KI AWAZ,nan,142051.0,TELURD/2016/69496,SHAIK ILYAS,TEL,HYDERABAD,W
TELURD01910,SWAMY KI AWAZ,स्वामी की आवाज़,44870.0,44870/ 86,N B ANANDASWAMY,TEL,HYDERABAD,W
TELURD01970,KHUDRATI AWAZ,क़ुदरती आवाज़,52746.0,52746/ 87,SHAIK YOUSUF,TEL,HYDERABAD,W
TELURD01430,TAWAZUN,nan,136530.0,TELURD/2015/63975,MOHAMMED ABDUL KHADEER,TEL,HYDERABAD,W
TNBIL02481,PICHDEY SAMUDAY KI AWAZ,पि‍छडे समुदाय की आवाज,90162.0,TNBIL/2006/17605,S.R. PRAVEEN KUMAR,TN,CHENNAI,M
UPHIN40733,DHADHAKTI AWAZ,धधकती आवाज़,109333.0,UPHIN/2010/36776,ANITA DIXIT,UP,AGRA,D
UPHIN13972,KHARI AWAZ,खरी आवाज़,9925.0,9925/ 61,RADHEY SHAM SHARMA,UP,AGRA,W
UPHIN09954,TAJ KI AWAZ,ताज की आवाज़,40116.0,40116/ 82,VINAY KUMAR,UP,AGRA,W
UPURD05244,MASHRIKI AWAZ,मशरिकी आवाज़,47937.0,47937/ 89,MANJU ZAKI,UP,ALIGARH,D
UPHIN29484,PRADESH KI AWAZ,प्रदेश की आवाज़,76728.0,UPHIN2001/04171,JAGDISH PRASAD GUPTA,UP,ALIGARH,W
UPHIN00548,ALIGARH YUVA AWAZ,अलीगढ युवा आवाज़,35445.0,35445/ 79,RAMJI LAL GUHA,UP,ALIGARH,W
UPHIN19680,HARIGARH KI AWAZ,हरिगढ़ की आवाज़,62496.0,62496/ 95,NEETU VARSHNEY,UP,ALIGARH,W
UPHIN03269,DUNIYA KI AWAZ,दुनिया की आवाज़,22076.0,22076/ 71,SURRENDER KUMAR GUPTA,UP,ALIGARH,W
UPHIN40372,HUM SAB KI AWAZ,हम सब की आवाज़,113772.0,UPHIN/2010/41215,NEERAJ KHARE,UP,ALLAHABAD,W
UPHIN26551,IKKEESAVEEN SADI KI AWAZ,इक्कीसवीं सदी की आवाज़,46233.0,46233/ 87,SHITAL PD. SHRIVASTV,UP,ALLAHABAD,W
UPHIN18186,GAON KI NAYI AWAZ,गावों की नयी आवाज़,66437.0,66437/ 95,VIJAY CHITAURI,UP,ALLAHABAD,W
UPHIN45362,DAMDAR AWAZ,दमदार आवाज,134660.0,UPHIN/2015/62105,AKHLESH KUMAR DUBEY,UP,AMBEDKAR NAGAR,D
UPURD04439,MUTTAHID AWAZ,मुत्तहिद आवाज,106406.0,UPURD/2010/33849,VIJYENDRA UPADHYAY,UP,AZAMGARH,W
UPHIN13290,ZEENAT KI AWAZ,ज़ीनत की आवाज़,56676.0,56676/ 92,ABDUL RAHIM QADARI,UP,BADAUN,W
UPURD02716,KAUM KI AWAZ,कौम की आवाज़,59629.0,59629/ 94,KAMIL MAZID SIDDIQUI,UP,BADAUN,W
UPURD05189,GOSH BAR AAWAZ,गोश बार आवाज़,20391.0,20391/ 71,S. U. KHAN,UP,BADAUN,W
UPHIN15042,UPEKSHIT KI AWAZ,उपेक्षित की आवाज़,56864.0,56864/ 93,ASHU BANSAL,UP,BADAUN,W
UPURD02248,HAMARI AWAZ,हमारी आवाज़,21930.0,21930/ 57,KAMIL MAZEED SIDDIQUI,UP,BADAUN,W
UPHIN42628,BAGHPAT KI AAWAZ,बाग़पत की आवाज़,116061.0,UPHIN/2012/43504,ALOK KUMAR TYAGI,UP,BAGHPAT,W
UPHIN21773,BALIA KI AWAZ,बलिया की आवाज़,64168.0,64168/ 96,OMPRAKASH UPADHAYAY,UP,BALLIA,W
UPHIN41963,SAMAGRA AWAZ,समग्र आवाज़,121468.0,UPHIN/2012/48913,RAMESH CHANDRA GUPT,UP,BALRAMPUR,W
UPHIN01482,BANDA KI AWAZ,बांदा की आवाज़,23412.0,23412/ 72,HARI SHANKAR SINGH,UP,BANDA,W
UPHIN17849,KANE KI AWAZ,काने की आवाज़,61600.0,61600/ 95,MOHD NAFEEZ RAZMI,UP,BANDA,W
UPURD03699,JADID AWAZ-E-MARKAZ,जदीद आवाज़-ए-मरकज़,82154.0,UPURD/2003/09597,INAMUL HAQ,UP,BARABANKI,D
UPHIN50015,RAJDHANI KI AWAZ,राजधानी की आवाज,153583.0,UPHIN/2020/81028,PRADYUMN KUMAR TRIPATHI,UP,BARABANKI,D
UPURD02644,JADID AWAZ-E-MARKAJ,जदीद आवाज़-ए-मरकज,57663.0,57663/ 93,INAMUL HAQ,UP,BARABANKI,W
UPHIN45137,AWAZ E ZINDADIL,आवाज ए जिन्दादिल,131711.0,UPHIN/2014/59156,UTTAM PANDEY,UP,BARABANKI,W
UPHIN48854,BAREILLY KI AWAZ,बरेली की आवाज़,150845.0,UPHIN/2019/78290,DHEERAJ JAIN,UP,BAREILLY,D
UPURD02800,ADAL KI AWAZ,अदल की आवाज़,62673.0,62673/ 95,RAGUFATTA YASMIN KHAN,UP,BAREILLY,W
UPHIN12941,WATAN KI AWAZ,वतन की आवाज़,13493.0,13493/ 67,SAMBHU DULT BELWAL,UP,BAREILLY,W
UPHIN05060,JAWAN KI AWAZ,जवान की आवाज़,23270.0,23270/ 71,SHAMBHU DATT BELWAL,UP,BAREILLY,W
UPURD04682,HAMARI AWAZ,हमारी आवाज़,120039.0,UPURD/2012/47482,KAMIL MAZEED SIDDIQUI,UP,BAUDAUN,D
UPHIN38583,JANADHIK KE AWAZ,जनाधिक की आवाज़,52526.0,52526/ 91,nan,UP,BIHAR,W
UPHIN11858,SWATANTRA AWAZ,स्वतंत्र आवाज़,19183.0,19183/ 69,PAWAN KUMAR SOTI,UP,BIJNOR,D
UPHIN26283,BULANDSHAHAR AWAZ,बुलंदशहर आवाज़,25185.0,25185/ 73,RAJENDRA KR SHARMA,UP,BULANDSHAHAR,F
UPURD04088,AZAD AWAZ,आजाद आवाज़,96671.0,UPURD/2008/24114,JAVED ALI,UP,BULLANDSHAHAR,D
UPHIN43484,CHITRAKOOT KI AAWAZ,चित्रकूट की आवाज़,121067.0,UPHIN/2013/48512,ATISH KUMAR TIWARI,UP,CHITRAKOOT,D
UPHIN46899,PATHA KI AWAZ,पाठा की आवाज,142656.0,UPHIN/2016/70101,ABHAY SINGH,UP,CHITRAKOOT,W
UPHIN28230,MAZDOOR KI AWAZ,मज़दूर की आवाज़,82706.0,UTTHIN/2003/10149,SAVITRI DEVI,UP,DEHRADUN,W
UPHIN28553,ATMA KI AWAZ,आत्मा की आवाज़,76467.0,UPHIN2001/03910,RADHEY SHYAM PATEL,UP,DEORIA,Q
UPHIN15977,AWAZ,आवाज़,13641.0,13641/ 57,HARI LAL YADAV,UP,ETAH,W
UPHIN14253,DUKHIYON KI AWAZ,दुखियों की आवाज़,9577.0,9577/ 63,SHRI BABU RAM PRAJAPATI,UP,ETAWAH,M
UPHIN51173,ETAWAH KI AAWAZ,nan,,UR,NEHA KHAN,UP,ETAWAH,W
UPHIN48493,FAIZABAD KI AWAZ,फैजाबाद की आवाज,145178.0,UPHIN/2017/72623,SURESH PATHAK,UP,FAIZABAD,D
UPHIN39364,SINDHU AAWAZ,सिंधु आवाज़,120890.0,UPHIN/2009/48334,OMPRAKASH 'OMI',UP,FAIZABAD,Q
UPHIN18353,AWAZ-E-TANDA,आवाज़-ए-टांडा,57656.0,57656/ 93,JAINARAYAN SINGH,UP,FAIZABAD,W
UPHIN47115,FAIZABAD KI AWAZ,फैजाबाद की आवाज,139340.0,UPHIN/2016/66785,SURESH PATHAK,UP,FAIZABAD,W
UPHIN46413,DOABA KI AWAZ,दोआबा की आवाज़,147407.0,UPHIN/2015/74852,VISHWAJEET MISHRA,UP,FATEHPUR,W
UPHIN51412,AAWAZ AAP AUR HUM,nan,,nan,SURENDRA KAUR,UP,FIROZABAD,D
UPHIN41955,FOCUS AAWAZ,फोकस आवाज़,109947.0,UPHIN/2011/37390,POOJA,UP,GAUTAM BUDDHA NAGAR,D
UPHIN47145,CHAUGAMA KI AWAZ,चौगामा की आवाज,137882.0,UPHIN/2015/65327,ANKUR CHAUHAN,UP,GAUTAM BUDDHA NAGAR,D
UPHIN37353,FOCUS AAWAZ,फोकस आवाज,103375.0,UPHIN/2009/30818,POOJA,UP,GAUTAM BUDDHA NAGAR,M
UPBIL04358,GREATER NOIDA KESHAV AWAZ,ग्रेटर नोएडा केशव आवाज,129233.0,UPBIL/2014/56678,AJAY KUMAR,UP,GAUTAM BUDDHA NAGAR,W
UPHIN16927,JAN JAN KI AWAZ JANCHETNA,जन जन की आवाज़ जनचेतना,63100.0,63100/ 92,VIVEK TYAGI,UP,GAUTAM BUDDHA NAGAR,W
UPHIN47184,AAP SE AWAZ,आप से आवाज़,141005.0,UPHIN/2016/68450,RAJESH KUMAR,UP,GAUTAM BUDDHA NAGAR,W
UPHIN42870,AWAZ-E-JAHAN,आवाज़-ए-जहान,118652.0,UPHIN/2012/46095,SWAMI RAMKISHNA SHIVANAND,UP,GHAZIABAD,D
UPHIN50722,AAWAZ BEZUBANO KI,nan,,nan,RAGHUVEER SINGH,UP,GHAZIABAD,M
UPBIL02983,YADAVON KI AWAZ,यादवों की आवाज़,85639.0,UPBIL/2003/13082,SATYA PRAKASH SINGH,UP,GHAZIABAD,Q
UPHIN10580,SHAMPURNA AWAZ,संपूर्ण आवाज़,57532.0,57532/ 93,SATNAM SINGH,UP,GHAZIABAD,W
UPHIN41645,MANTHAN AWAZ,मंथन आवाज़,114662.0,UPHIN/2011/42105,ANITA KUMARI,UP,GHAZIABAD,W
UPHIN01100,ATAL AWAZ,अटल आवाज़,46099.0,46099/ 86,VIJENDRA SINGH TYAGI,UP,GHAZIABAD,W
UPHIN47203,AWAZ EK KISAN KI,nan,38616.0,38616/ 80,VIJAY NARAYAN TIWARI,UP,GHAZIPUR,W
UPURD03561,SALAR-E-AWAZ,सालार-ए-आवाज़,63738.0,63738/ 96,AKILUN NISHA,UP,GONDA,D
UPHIN47637,KHAIRA KI AWAZ,खैरा की आवाज,144071.0,UPHIN/2016/71516,RAN KRPAL SINGH,UP,GONDA,D
UPURD00917,MASHRQI AWAZ,मशरक़ी आवाज़,48000.0,48000/ 89,MANJU,UP,GONDA,D
UPURD04323,AAWAZ-E-GANI,आवाज़-ए-गनी,110863.0,UPURD/2009/38306,MOHD. AMIR,UP,GONDA,D
UPHIN47426,CHAURI CHAURA KI AWAZ,चौरी चौरा की आवाज,138921.0,UPHIN/2015/66366,KALYAN PANDEY,UP,GORAKHPUR,D
UPHIN42320,SPASHT AWAZ,स्पष्ट आवाज़,111635.0,UPHIN/2011/39078,ANAND SINGH,UP,GORAKHPUR,D
UPURD03394,MASHRIQI AWAZ,मशरिक़ी आवाज़,40324.0,40324/ 83,Z.Z.PUBLICATIONS PVT. LTD.,UP,GORAKHPUR,D
UPHIN41852,POORVVANCHAL KI AWAZ,पूर्वांचल की आवाज़,122807.0,UPHIN/2012/50252,AJAY KUMAR TRIPATHI,UP,GORAKHPUR,Q
UPHIN43854,CHAURI CHAURA KI AWAZ,चौरीचौरा की आवाज़,123818.0,UPHIN/2013/51263,KALYAN PANDEY,UP,GORAKHPUR,W
UPHIN49438,NIDAR AWAZ,निडर आवाज,156727.0,UPHIN/2021/84172,SWETA,UP,GORAKHPUR,W
UPHIN21658,INSAF KI AWAZ,इंसाफ की आवाज़,62733.0,62733/ 95,RAMA SHANKAR SHUKLA,UP,GORAKHPUR,W
UPHIN44722,SANSANI AWAZ,सनसनी आवाज़,127556.0,UPHIN/2014/55001,NADEEM SAIFI,UP,HAPUR,W
UPURD04177,HARDOI KI AAWAZ,हरदोई की आवाज,104683.0,UPURD/2009/32126,VASU GUPTA,UP,HARDOI,D
UPHIN40465,LUCKNOW KI AWAZ,लखनऊ की आवाज,103548.0,UPHIN/2009/30991,SAFIKURREHMAN,UP,HARDOI,D
UPHIN50428,JANPAD KI AAWAZ,nan,,UR,ABHINAV SHUKLA,UP,HARDOI,W
UPHIN21685,NAYE YUG KI AWAZ,नए युग की आवाज़,62941.0,62941/ 95,SMT. NISHA SHARMA,UP,HARIDWAR,W
GUJGUJ03749,HOMOEOPATHIC AWAZ,होम्योपैथिक आवाज़,6120.0,6120/ 59,IFTIKHAR HUSAIN FAKHAR RIZVI,UP,JAUNPUR,M
UPHIN42274,TIKHI AWAZ,तीखी आवाज़,119526.0,UPHIN/2012/46969,ARVIND KUMAR UPADHYAY,UP,JAUNPUR,W
UPURD04062,AWAZ E AWADH,आवाज़-ए-अवध,95848.0,UPURD/2007/23291,MOHD. ASIF MOINUDDIN,UP,KANPUR,D
UPURD01746,HINDUSTANI AWAM KI AWAZ,हिंदुस्तानी अवाम की आवाज़,54427.0,54427/ 91,MOHD SALIM,UP,KANPUR,D
UPURD03273,AWAZ E AWADH,आवाज़-ए-अवध,56675.0,56675/ 93,MOHD. ASIF MOINUDDIN,UP,KANPUR,F
UPHIN09328,RASHTRA KI AWAZ,राष्ट्र की आवाज़,12487.0,12487/ 66,JAGJIWAN LAL YADAV,UP,KANPUR,W
UPURD02507,AWAZE WATAN PRAST,आवाज़े वतन परस्त,56920.0,56920/ 93,NOORJAHAN,UP,KANPUR,W
UPURD03274,AWAZ E AWADH,आवाज़- ए-अवध,51122.0,51122/ 90,MOHD. ASIF MOINUDDIN,UP,KANPUR,W
UPURD02685,SHUGUFTA AWAZ,शगुफ्ता आवाज़,59721.0,59721/ 94,LAIQ AHMAD SIDDIQUI,UP,KANPUR NAGAR,F
UPURD02920,AWAZ-E-FAHIMABAD,आवाज़-ए-फहीमाबाद,63391.0,63391/ 96,RIYASAT ALI ANSARI,UP,KANPUR NAGAR,F
UPHIN34691,VITARAK AWAZ,वितरक आवाज,94803.0,UPHIN/2006/22246,RAKESH PANDEY,UP,KANPUR NAGAR,M
UPURD02808,AWAZ A DARKHSHA,आवाज़ ए दरख्शा,61722.0,61722/ 95,MOHAMMAD AHMAD,UP,KANPUR NAGAR,W
UPHIN41916,KANPUR KI AWAZ,कानपुर की आवाज़,110930.0,UPHIN/2011/38373,NITIN PANDEY,UP,KANPUR NAGAR,W
UPURD04361,AAWAZ-E-WAQT,आवाज़-ए-वक़्त,108510.0,UPURD/2009/35953,ZAHEER AHMAD,UP,KANPUR NAGAR,W
UPURD03331,HINDUSTHAN AWAM KI AWAZ,हिन्दुस्तान अवाम की आवाज़,56085.0,56085/ 92,MOHD. SALEEM,UP,KANPUR NAGAR,W
UPHIN49906,SADIQ KI AWAZ,nan,,nan,WAHID UDDIN,UP,KANPUR NAGAR,W
UPHIN46505,PANTHAK AWAZ,पंथक आवाज़,139907.0,UPHIN/2016/67352,S. HARVINDER SINGH LORD,UP,KANPUR NAGAR,W
UPHIN43266,MANAV ADHIKAR MAJDOOR PARISHAD KI AWAZ,मानव अधिकार मजदूर परिषद की आवाज़,121157.0,UPHIN/2013/48602,CHOUDHARY SATENDRA SINGH,UP,KASHIRAM NAGAR,W
UPHIN43462,TARAI KI AAWAZ,तराई की आवाज़,123279.0,UPHIN/2012/50724,PREM PRAKASH DIXIT,UP,KHERI,W
UPHIN39154,GRAMEENON KI AWAZ,ग्रामीणों की आवाज,102174.0,UPHIN/2009/29617,VINOD KUMAR BHARGAV,UP,KHERI,W
UPHIN48837,TAMKUHI KI AWAZ,nan,,nan,PARVEJ HINDUSTANI,UP,KUSHINAGAR,TWW
UPHIN26724,KISANO KI AWAZ,किसानों की आवाज़,15268.0,15268/ 68,SHRI KRISHAN KUMAR MISRA,UP,LAKHIMPUR KHERI,W
UPHIN51443,AWAZ POWER,nan,,nan,SAMRAT SINGH BANAFER,UP,LALITPUR,W
UPHIN32273,LALIT AWAZ,ललित आवाज़,83889.0,UPHIN/2003/11332,GOPI KRISHNA TIWARI,UP,LALITPUR,W
UPHIN32364,AWAZ YE BUNDELKHAND,आवाज़ ये बुंदेलखंड,83890.0,UPHIN/2003/11333,DHARMENDRA KRISHNA TIWARI,UP,LALITPUR,W
UPURD03346,JADEED AWAZ,जदीद आवाज,50998.0,50998/ 89,SOMANDERA KUMAR SINGH,UP,LUCKNOW,D
UPURD05388,KHANKHATI AAWAZ,खनकती आवाज,142560.0,UPURD/2016/70005,AVILESH KUMAR DWIVEDI,UP,LUCKNOW,D
UPHIN47657,AZAD AWAZ,आजाद आवाज,141932.0,UPHIN/2016/69377,JAVED ALI,UP,LUCKNOW,D
UPURD04606,MRIDUL AWAZ,मृदुल आवाज़,119255.0,UPURD/2012/46698,ZUBEDA KHATOON,UP,LUCKNOW,D
UPURD03671,SALAR-E-AWAZ,सालार-ए-आवाज़,80232.0,UPURD/2002/07675,AKILUN NISHA,UP,LUCKNOW,D
UPURD05325,AWAZ E HAMEED,nan,143285.0,UPURD/2017/70730,AMZAD AHMAD,UP,LUCKNOW,D
UPHIN47779,SAHU KI AWAZ,साहू की आवाज,143101.0,UPHIN/2017/70546,VIJAY RAJ,UP,LUCKNOW,D
UPHIN43069,AVADH KI AAWAZ,अवध की आवाज़,117684.0,UPHIN/2012/45127,ANIL KUMAR SINGH,UP,LUCKNOW,D
UPHIN45709,SUBE KI AWAZ,सूबे की आवाज,134638.0,UPHIN/2015/62083,MANOJ KUMAR,UP,LUCKNOW,D
UPURD05207,NYAY KI AWAZ,न्याय की आवाज,139107.0,UPURD/2016/66552,AFZAL IDRISI,UP,LUCKNOW,D
UPHIN45024,GOMTI AAWAZ,गोमती आवाज,127987.0,UPHIN/2014/55432,ANISHA ARORA,UP,LUCKNOW,D
UPURD05346,TAHIR E AWAZ,ताहिर ए आवाज,142034.0,UPURD/2016/69479,TAHIR ALI,UP,LUCKNOW,D
UPURD01209,QAUMI AWAZ,क़ौमी आवाज़,2025.0,2025/ 57,THE ASSOCIATED JOURNALS LTD.,UP,LUCKNOW,D
UPHIN37956,NYAY KI AWAZ,न्‍याय की आवाज,98562.0,UPHIN/2008/26005,AFZAL IDRISHI,UP,LUCKNOW,D
UPHIN37526,RAJDHANI KI AWAZ,राजधानी की आवाज,65327.0,65327/ 97,PRADYUMN KUMAR TRIPATHI,UP,LUCKNOW,D
UPHIN45777,NAITIK AAWAZ,नैतिक आवाज,131506.0,UPHIN/2014/58951,ANUBHAW DIXIT,UP,LUCKNOW,D
UPURD04729,INQUILABI AWAZ,इन्क़लाबी अवाज़,128444.0,UPURD/2013/55889,MOHAMMAD NAFIS ALAM,UP,LUCKNOW,D
UPURD05111,WARIS E AWAZ,वारिस ए आवाज,137291.0,UPURD/2015/64736,VINOD KUMAR YADAV,UP,LUCKNOW,D
UPURD02510,LUCKNOW KI AWAZ,लखनऊ की आवाज,54485.0,54485/ 92,SAFIKUR REHMAN,UP,LUCKNOW,D
UPURD03970,JADID AWAZ-E-MARKAJ,जदीद आवाज-ए-मरकज,94621.0,UPURD/2006/22064,INAMUL HAQ,UP,LUCKNOW,D
UPHIN46645,AWAZ E JAHAN,आवाज ए जहाँ,138117.0,UPHIN/2015/65562,SWAMI RAMKRISHAN SHIVANAND,UP,LUCKNOW,D
UPHIN45155,SNEH KI AWAZ,स्नेह की आवाज़,130877.0,UPHIN/2014/58322,AJAY KUMAR BAJPAI,UP,LUCKNOW,D
UPHIN33544,SPASHT AWAZ,स्पष्ट आवाज़,86182.0,UPHIN/2004/13625,ANAND SINGH,UP,LUCKNOW,D
UPHIN41238,NIRBAL KI AWAZ,निर्बल की आवाज़,109155.0,UPHIN/2011/36598,KANCHAN MISHRA,UP,LUCKNOW,D
UPHIN38982,SHIYON KI AWAZ,शियों की आवाज़,119692.0,UPHIN/2010/47135,KASHIF ALI,UP,LUCKNOW,DE
UPHIN16607,JANTA KI AWAZ BULANDI KE SATH,जनता की आवाज बुलन्‍दी के साथ,56083.0,56083/ 92,MAMTA PANDEY,UP,LUCKNOW,F
UPHIN41027,SHAILESH KI AWAZ,शैलेश की आवाज,105150.0,UPHIN/2010/32593,SHAILESH SINGH,UP,LUCKNOW,F
UPHIN47458,WARIS E AWAZ,वारिस ए आवाज,146024.0,UPHIN/2016/73469,VINOD KUMAR YADAV,UP,LUCKNOW,M
UPHIN39620,KAMGARON KI AWAZ,कामगारों की आवाज़,109470.0,UPHIN/2010/36913,KAMGAR WELFARE SOCIETY STHANIYA NIKAY U.P.,UP,LUCKNOW,M
UPHIN46448,NAITIK AAWAZ,नैतिक आवाज़,135132.0,UPHIN/2015/62577,ANUBHAW DIXIT,UP,LUCKNOW,M
UPHIN33368,LUCKNOW KI AWAZ,लखनऊ की आवाज़,85641.0,UPHIN/2004/13084,SAFIKURREHMAN,UP,LUCKNOW,M
UPHIN49973,SWATANTRATA KI AWAZ,स्वतंत्रता की आवाज,153463.0,UPHIN/2019/80908,ANAND SINGH,UP,LUCKNOW,M
UPHIN50477,MRIDUL AWAZ,nan,,nan,ZUBAIDA KHATUN,UP,LUCKNOW,M
UPHIN48760,TOOTEE KI AWAZ,तूती की आवाज,156529.0,UPHIN/2020/83974,SAROJ SINGH,UP,LUCKNOW,M
UPENG04148,WARIS E AWAZ,वारिस ए आवाज,143041.0,UPENG/2016/70486,VINOD KUMAR YADAV,UP,LUCKNOW,M
UPHIN43518,NAITIK AAWAZ,नैतिक आवाज़,126199.0,UPHIN/2013/53644,ANUBHAW DIXIT,UP,LUCKNOW,W
UPHIN35026,PUBLIC KI AWAZ,पब्लिक की आवाज़,90271.0,UPHIN/2006/17714,HARI OM SHARMA,UP,LUCKNOW,W
UPURD02967,KHANKHATI AAWAZ,खंखाती आवाज़,66609.0,66609/ 96,AVILESH KUMAR DWIVEDI,UP,LUCKNOW,W
UPHIN37109,GOMTI AAWAZ,गोमती आवाज़,97792.0,UPHIN/2008/25235,ANISHA ARORA,UP,LUCKNOW,W
UPHIN39730,NUTAN AAWAZ,नूतन आवाज,102853.0,UPHIN/2009/30296,SEEMA AGARWAL,UP,LUCKNOW,W
UPHIN19823,RAJDHANI KI AWAZ,राजधानी की आवाज,59790.0,59790/ 94,PRADYUMNA KUMAR TRIPATHI,UP,LUCKNOW,W
UPHIN46777,SANDHYA KI KHULI AWAZ,संध्या की खुली आवाज,139324.0,UPHIN/2015/66769,VISHAL KUMAR,UP,LUCKNOW,W
UPURD04628,AKVAM KI AAWAZ,अक्वाम की आवाज़,120667.0,UPURD/2012/48111,SANTOSH KUMAR,UP,LUCKNOW,W
UPHIN51068,STHAI AWAZ,nan,,UR,JAI PRAKASH SRIVASTAVA,UP,LUCKNOW,W
UPHIN17789,LUCKNOW KI AWAZ,लखनऊ की आवाज़,56087.0,56087/ 92,SAFIQURRAHMAN,UP,LUCKNOW,W
UPBIL04827,SWATANTRA AWAZ,स्वतंत्र आवाज़,140920.0,UPBIL/2016/68365,DINESH SHARMA,UP,LUCKNOW,W
UPHIN35872,SHAILESH KI AWAZ,शैलेश की आवाज,96026.0,UPHIN/2007/23469,SHAILESH SINGH,UP,LUCKNOW,W
UPHIN39619,AMAR AAWAZ,अमर आवाज़,102507.0,UPHIN/2009/29950,SANDHYA TRIPATHI,UP,LUCKNOW,W
UPHIN47599,AWAZ E TIRANGA,आवाज़े तिरंगा,149431.0,UPHIN/2016/76876,DILAWAR HUSAIN,UP,LUCKNOW,W
UPHIN36749,MAJBOORON KI AWAZ,मजबूरों की आवाज़,95137.0,UPHIN/2007/22580,IMRAN ALI,UP,LUCKNOW,W
UPHIN42986,VAYAKTI KI AWAZ,व्यक्ति की आवाज़,119428.0,UPHIN/2012/46871,NAJAM AHSAN,UP,LUCKNOW,W
UPHIN40271,ANMOL AWAZ,अनमोल आवाज,104066.0,UPHIN/2010/31509,DEEPALI SINGH,UP,LUCKNOW,W
UPHIN30828,UNNAO KI AWAZ,उन्नाव की आवाज़,80470.0,UPHIN/2002/07913,SMT.AKHTAR JAHAN KAZMI,UP,LUCKNOW,W
UPURD04748,SUBE KI AWAZ,सूबे की आवाज,129716.0,UPURD/2013/57161,MANOJ KUMAR,UP,LUCKNOW,W
UPHIN36439,NYAY KI AWAZ,न्याय की आवाज़,95366.0,UPHIN/2007/22809,AFZAL IDRISHI,UP,LUCKNOW,W
UPHIN37006,AVADH KI AAWAZ,अवध की आवाज,97055.0,UPHIN/2008/24498,ANIL KUMAR SINGH,UP,LUCKNOW,W
UPHIN35074,AWAZ PLUS,आवाज प्लस,98476.0,UPHIN/2008/25919,SANJEEV SRIVASTAVA,UP,LUCKNOW,W
UPHIN36803,SWATANTRATA KI AWAZ,स्वतंत्रता की आवाज़,95787.0,UPHIN/2008/23230,ANAND SINGH,UP,LUCKNOW,W
UPURD04135,AAWAZ-E-LUCKNOW,आवाज़-ए-लखनऊ,100441.0,UPURD/2009/27884,PRADEEP KUMAR GUPTA,UP,LUCKNOW,W
UPHIN26606,JANATA KI AWAZ BULANDI KE SATH,जनता की आवाज बुलन्‍दी के साथ,63470.0,63470/ 95,MAMTA PANDEY,UP,LUCKNOW,W
UPHIN47339,JUNG E AWAZ,जंग ए आवाज़,142033.0,UPHIN/2016/69478,ANAND KUMAR VERMA,UP,LUCKNOW,W
UPHIN41546,CHAUTHI AWAZ,चौथी आवाज़,108938.0,UPHIN/2011/36381,MANOJ KUMAR SRIVASTAVA,UP,LUCKNOW,W
UPHIN28707,PATHARON KI AWAZ,पत्थरों की आवाज़,72632.0,UPHIN/1997/00075,P.R.DEENBANDHU,UP,MAHOBA,W
UPHIN13964,KALAM KI AWAZ,कलम की आवाज़,12647.0,12647/ 66,GOVIND SHANKER PANDEY,UP,MAINPURI,W
UPHIN50516,BRAJ KI AAWAZ,nan,,nan,PKA NEWS NETWORK OPC PRIVATE LIMITED,UP,MATHURA,BM
UPHIN48990,DOORDARSHI AWAZ,nan,,nan,ASHA DEVI YADAV,UP,MATHURA,M
UPHIN46491,CHAUGAMA KI AWAZ,चौगामा की आवाज,135252.0,UR,ANKUR CHAUHAN,UP,MEERUT,D
UPHIN51539,PICHHDO KI AWAZ,nan,,nan,RAMPAL SINGH,UP,MEERUT,M
UPHIN18884,UPBHOKTA KI AWAZ,उपभोक्ता की आवाज़,58352.0,58352/ 94,MANJU RANI AGGARWAL,UP,MEERUT,W
UPHIN38545,HAQ KI AWAZ,हक़ की आवाज़,43398.0,43398/ 86,KUNWAR NOSHE MIYA,UP,MEERUT,W
UPHIN18001,ANTHRASTRIYA AWAZ,अंतर्राष्ट्रीय आवाज़,57605.0,57605/ 93,RAJESH TYAGI,UP,MODINAGAR,W
UPHIN39286,MAHANAGAR KI AAWAZ,महानगर की आवाज़,101136.0,UPHIN/2009/28579,MOHD. ZEESHAN,UP,MORADABAD,DE
UPHIN39397,PITAL NAGARI KI AWAZ,पीतल नगरी की आवाज़,106162.0,UPHIN/2009/33605,GUFRAN ILAHI KUDDUSI,UP,MORADABAD,F
UPURD01549,SHAMSI AWAZ,शम्सी आवाज़,43358.0,43358/ 85,ABDUL HAMID SHAMSI,UP,MORADABAD,M
UPHIN24571,JIGAR KI AWAZ,जिगर की आवाज़,68135.0,68135/ 97,SYED JAVED JAFARY,UP,MORADABAD,W
UPBIL03699,RUHELKHAND YUVA AWAZ,रुहेलखंड युवा आवाज़,35483.0,35483/ 79,CHANDRA VIJAY SINGH,UP,MORADABAD,W
UPHIN21545,ZAIDI KI AWAZ,ज़ैदी की आवाज़,68031.0,68031/ 95,ATHAR SULTAN JAIDI,UP,MORADABAD,W
UPBIL04710,SANYUKAT AWAZ,संयुक्त आवाज़,26657.0,26657/ 75,SHAKUNTALA DEVI,UP,MORADABAD,W
UPHIN04157,HARIJAN AWAZ,हरिजन आवाज़,61612.0,61612/ 91,DR. RAJA RAM AZAD,UP,MORADABAD,W
UPHIN50023,MORADABAD KI AAWAZ,मुरादाबाद की आवाज़,157037.0,UPHIN/2021/84482,SHAHANAWAZ ALAM,UP,MORADABAD,W
UPHIN47182,IQBAL KI AWAZ,इकबाल की आवाज,143261.0,UPHIN/2016/70706,MOHAMMAD IQBAL,UP,MORADABAD,W
UPHIN44062,CITY HALCHAL KI AWAZ,सिटी हलचल की आवाज़,123910.0,UPHIN/2013/51355,MUKUL RASTOGI,UP,MORADABAD,W
UPHIN23515,ARORA KI AWAZ,अरोरा की आवाज़,65487.0,65487/ 97,VICKY ARORA,UP,MUZAFARNAGAR,F
UPHIN32960,CHAUGAMA KI AWAZ,चौगामा की आवाज़,88734.0,UPHIN/2005/16177,ANKUR CHAUHAN,UP,MUZAFFARNAGAR,D
UPHIN03564,GAUTAM KI AAWAZ,गौतम की आवाज़,35492.0,35492/ 79,YOGESHWAR DATT GAUTAM,UP,MUZAFFARNAGAR,F
UPHIN39839,PASCHIM KI AWAZ,पश्चिम की आवाज़,104111.0,UPHIN/2009/31554,SALEEM AHMAD,UP,MUZAFFARNAGAR,W
UPHIN48280,AWAZ E MUZAFFARNAGAR,आवाज ए मुजफ्फरनगर,144577.0,UPHIN/2017/72022,NAFEES AHMAD,UP,MUZAFFARNAGAR,W
UPHIN23585,RAGHUVANSHI KI AWAZ,रघुवंशी की आवाज़,65868.0,65868/ 97,SURENDRA SINGH RAGHUVANSHI,UP,MUZAFFARNAGAR,W
UPHIN15247,TALAT KI AWAZ,तलत की आवाज़,55806.0,55806/ 92,TALAT,UP,MUZAFFARNAGAR,W
UPHIN18901,ABBAS KI AWAZ,अब्बास की आवाज़,57602.0,57602/ 93,SALIM ABBAS,UP,MUZAFFARNAGAR,W
UPHIN44542,SACCHHAI KI AWAZ,सच्चाई की आवाज,128301.0,UPHIN/2013/55746,DEEPAK SHARMA,UP,MUZAFFARNAGAR,W
UPHIN17174,ZAMEER KI AWAZ,जमीर की आवाज़,56066.0,56066/ 92,M. JAMIR MANJURI,UP,PILIBHIT,W
UPBIL00091,APNI AWAZ,अपनी आवाज़,40318.0,40318/ 82,AFSAR ALI QURESHI,UP,RAMPUR,W
UPHIN31409,AWAZ-E-AZEEM,आवाज़-ए-अज़ीम,81048.0,UPHIN/2002/08491,AZIM IQBAL KHAN,UP,RAMPUR,W
UPHIN46208,AAWAZ EXPRESS,आवाज़ एक्सप्रेस,136594.0,UPHIN/2015/64039,MOHAMMED ASIF KHAN,UP,SAHARANPUR,M
UPHIN09680,SAHARANPUR KI AWAZ,nan,26728.0,26728/ 75,RAM GOPAL GARG,UP,SAHARANPUR,W
UPHIN40970,MANAV AWAZ,मानव आवाज़,107612.0,UPHIN/2010/35055,MUSTAQEEM AHMED RAO,UP,SAHARANPUR,W
UPHIN06749,MAZBOOR AWAZ,मज़बूर आवाज़,46077.0,46077/ 85,RAKESH SUKHIJA,UP,SAHARANPUR,W
UPHIN07130,MERI AWAZ SUNO,मेरी आवाज़ सुनो,38884.0,38884/ 82,RANA ASHOK KUMAR BHATNAGAR,UP,SAHARANPUR,W
UPHIN03858,GOONJ AUR AWAZ,गूंज और आवाज़,35480.0,35480/ 79,JOGENDRA KUMAR,UP,SAHARANPUR,W
UPHIN49173,KABIR KI AWAZ,कबीर की आवाज,155769.0,UPHIN/2021/83214,MOHAMMAD ABDUL HASHIM,UP,SANT KABIR NAGAR,M
UPURD04427,LUCKNOW KI AWAZ,लखनऊ की आवाज,103851.0,UPURD/2010/31294,SAFIKUR REHMAN,UP,SHAHJAHANPUR,D
UPHIN48853,SWARIT AWAZ,स्वरित आवाज,150385.0,UPHIN/2019/77830,AYUSH GUPTA,UP,SHAHJAHANPUR,M
UPHIN49052,RUDRAKSHA AWAZ,nan,,UR,ARTI MISHRA,UP,SHAHJAHANPUR,W
UPHIN48778,PARMARTH AWAZ,परमार्थ आवाज,149782.0,UPHIN/2018/77227,ABHISHEK DIXIT,UP,SHAHJAHANPUR,W
UPHIN49003,SANMUKH AWAZ,सनमुख आवाज,152168.0,UPHIN/2019/79613,AYUSH GUPTA,UP,SHAHJAHANPUR,W
UPBIL05084,MUKHYA AWAZ,nan,,nan,SUMIT MAHAJAN,UP,SHAHJAHANPUR,W
UPURD01477,SAMAJ KI AWAZ,समाज की आवाज़,9911.0,9911/ 65,DAYA RAM,UP,SHARANPUR,W
UPHIN38616,BALLAST KE AWAZ,BALLAST KE AWAZ,56289.0,56289/ 91,nan,UP,SHRIGANGA NAGAR,W
UPHIN50750,CITY KI AAWAZ,nan,,UR,MANOJ SHRIVASTAVA,UP,SIDDHARTHNAGAR,D
UPHIN39890,SIDDHARTH KI AAWAZ,सिद्धार्थ की आवाज,102800.0,UPHIN/2009/30243,RAMLAKHAN SINGH,UP,SIDDHARTHNAGAR,W
UPHIN39467,CITY KI AAWAZ,सिटी की आवाज,102104.0,UPHIN/2009/29547,MANOJ SHRIVASTAVA,UP,SIDDHARTHNAGAR,W
UPHIN49156,MAJDOOR KISAN KI AWAZ,मजदूर किसान की आवाज,155686.0,UPHIN/2021/83131,JAGESHWAR,UP,SITAPUR,M
UPHIN45810,NAIMISH KI AWAZ,नैमिष की आवाज,143110.0,UPHIN/2016/70555,SANJAY KUMAR ARKVANSHI,UP,SITAPUR,W
UPHIN17278,SITAPUR KI AWAZ,सीतापुर की आवाज़,63281.0,63281/ 96,HARISH KUMAR TRIPATHI,UP,SITAPUR,W
UPHIN26445,GADDION KI AWAZ,nan,46087.0,46087/ 86,MOHAMMAD RAFIQ,UP,SITAPUR,W
UPHIN36497,SULTANPUR KI AWAZ,सुलतानपुर की आवाज,101413.0,UPHIN/2009/28856,MOHD. MUSTAFA AKMAL,UP,SULTANPUR,W
UPHIN45882,PAKKI AWAZ,पक्की आवाज,134552.0,UPHIN/2015/61997,BASANT LAL,UP,SULTANPUR,W
UPURD04754,AWAZ E AWADH,आवाज़ ए अवध,126100.0,UPURD/2013/53545,MOHD. ASIF MOINUDDIN,UP,UNNAO,D
UPURD00248,AWAZE MULK,आवाज़े मुल्क,46105.0,46105/ 86,INDRA BAHADUR SINGH,UP,VARANASI,D
UPHIN26461,GAON KI AWAZ,गावों की आवाज़,19269.0,19269/ 69,SARVA SEVA SANGH PRAKASHAN,UP,VARANASI,F
UPHIN35687,VARANASI KI AWAZ,वाराणसी की आवाज़,96341.0,UPHIN/2007/23784,SUNIL JAISWAL,UP,VARANASI,W
UPBIL00407,THE AWAZA-E-KHALQ,द आवाज़-ए-ख़ल्क़,2150.0,2150/ 57,"DR. G.C. SRIVASTAVA ""ANAND""",UP,VARANASI,W
UTTHIN02302,BAGESHWAR KI AWAZ,बागेश्वर की आवाज़,145363.0,UTTHIN/2013/72808,GEETA JOSHI,UTT,BAGESHWAR,F
UTTURD00092,HARDOI KI AAWAZ,हरदोई की आवाज़,121894.0,UTTURD/2012/49339,VASU GUPTA,UTT,DEHRADUN,D
UTTHIN03187,PRAMUKH AWAZ,प्रमुख आवाज,127403.0,UTTHIN/2014/54848,PRAMUKH GARG,UTT,DEHRADUN,D
UTTHIN03660,SHIKHRO KI AWAZ,शिखरों की आवाज़,125637.0,UTTHIN/2013/53082,ARJUN SINGH BHANDARI,UTT,DEHRADUN,F
UTTHIN00704,ANANT AWAZ,अनंत आवाज,89604.0,UTTHIN/2006/17047,NISHEETH SAKALANI,UTT,DEHRADUN,M
UTTHIN03248,VADIYON KI AWAZ,वादियों की आवाज़,114982.0,UTTHIN/2011/42425,M.S. CHAUHAN,UTT,DEHRADUN,M
UTTHIN01468,SARHADI AAWAZ,सरहदी आवाज,104546.0,UTTHIN/2009/31989,POONAM BHANDARI,UTT,DEHRADUN,W
UTTHIN02311,DEVBHOOMI KI AWAZ,देवभूमि की आवाज़,116275.0,UTTHIN/2011/43718,DEEPAK KANDARI,UTT,DEHRADUN,W
UTTHIN05317,PAHAD KI AAWAZ,पहाड़ की आवाज,158280.0,UTTHIN/2021/85725,SUCHITRA DEVI,UTT,DEHRADUN,W
UTTHIN03744,NIKHIL AWAZ,निखिल आवाज,129733.0,UTTHIN/2014/57178,POOJA RANA,UTT,DEHRADUN,W
UTTURD00050,AAWAZ E NAU,आवाज़ ए नौ,108224.0,UTTURD/2010/35667,SAYEED ASHRAF HUSSAIN QUADRI,UTT,DEHRADUN,W
UTTHIN02536,SADAK KI AWAZ,सड़क की आवाज़,114182.0,UTTHIN/2011/41625,VIRENDRA DEV GAUD,UTT,DEHRADUN,W
UTTHIN05626,NISANKOCH AWAZ,निसंकोच आवाज,159168.0,UTTHIN/2023/86613,RAMANAND BHATT,UTT,DEHRADUN,W
UTTHIN01453,KALAM KI AAWAZ,कलम की आवाज,99994.0,UTTHIN/2009/27437,SARITA UNNIYAL,UTT,DEHRADUN,W
UTTHIN01597,AAWAZ-E-NAU,आवाज-ए-नौ,101221.0,UTTHIN/2009/28664,SAYEED ASHRAF HUSSAIN QUADRI,UTT,DEHRADUN,W
UTTHIN03247,VADIYON KI AWAZ,वादियों की आवाज़,63574.0,63574/ 96,M.S. CHAUHAN,UTT,DEHRADUN,W
UTTHIN04726,GHATI KI AWAZEN,घाटी की आवाज़ें,56697.0,56697/ 92,RADHAKRISHNA KUKRETI,UTT,DEHRADUN,W
UTTHIN05452,SWATANTRATA KI AWAZ,स्‍वतत्रंता की आवाज,157629.0,UTTHIN/2022/85074,ANAND SINGH,UTT,DEHRADUN/ RISHIKESH,W
UTTHIN01308,SPASHT AWAZ,स्पष्ट आवाज,100307.0,UTTHIN/2008/27750,ANAND SINGH,UTT,HARIDWAR,D
UTTHIN04475,CHAUGAMA KI AWAZ,चौगामा की आवाज,139651.0,UTTHIN/2016/67096,ANKUR CHAUHAN,UTT,HARIDWAR,D
UTTURD00058,NAI AAWAZ,नई आवाज़,113683.0,UTTURD/2012/41126,AHMED BHARTI,UTT,HARIDWAR,D
UTTHIN03380,NAI AAWAZ,नई आवाज़,121497.0,UTTHIN/2013/48942,AHMED BHARTI,UTT,HARIDWAR,D
UTTHIN01522,NAY YOG KE AWAZ,नय योग के आवाज़,63041.0,63041/ 95,nan,UTT,HARIDWAR,W
UTTHIN04869,JAGRIT JANTA KI AWAZ,जागृत जनता की आवाज़,67370.0,67370/ 97,SMT MEENA NAUTIAL,UTT,HARIDWAR,W
UTTHIN00492,HARIDWAR KI AWAZ,हरिद्वार की आवाज़,87693.0,UTTHIN/2004/15136,SHAILANDRA KUMAR SINGH,UTT,HARIDWAR,W
UTTHIN04757,BHAGIRATHI KI AWAZ,भागीरथी की आवाज़,56902.0,56902/ 93,MOHIT BAKSHI,UTT,HARIDWAR,W
UTTHIN04195,ABHINAV AWAZ,अभिनव आवाज,136266.0,UTTHIN/2015/63711,SANJAY BANSAL,UTT,HARIDWAR,W
UTTHIN04591,YESU KI AWAZ,यीशु की आवाज़,139309.0,UTTHIN/2016/66754,AMIT RATHI,UTT,HARIDWAR,W
UTTHIN02366,ROHAN KI AAWAZ,रोहन की आवाज़,110061.0,UTTHIN/2011/37504,ROHIT SIKHOLA,UTT,HARIDWAR,W
UTTHIN05329,UTTARAKHANDI AWAZ,nan,,nan,SAMEER ARYA,UTT,NAINITAL/ HALDWANI,F
UTTURD00133,SHAYAR KI AWAZ,शायर की आवाज़,19194.0,19194/ 69,DR. M.Y.K. JAZBI,UTT,UDHAM SINGH NAGAR,F
UTTHIN00878,BEHTREEN AWAZ,बेहतरीन आवाज,91111.0,UTTHIN/2006/18554,UMESH KASHYAP,UTT,UDHAM SINGH NAGAR,F
UTTHIN02156,VARTMAN AWAZ,वर्तमान आवाज़,113395.0,UTTHIN/2011/40838,PRAMOD KUMAR,UTT,UDHAM SINGH NAGAR,F
UTTHIN03955,ARSH KI AWAZ,अर्श की आवाज,133714.0,UTTHIN/2014/61159,MOHD.ZAFAR MALIK,UTT,UDHAM SINGH NAGAR,W
UTTHIN02885,KASHIPUR KI AWAZ,काशीपुर की आवाज़,113624.0,UTTHIN/2011/41067,AMIT JAISWAL,UTT,UDHAM SINGH NAGAR,W
UTTHIN05147,KHATIMA KI AAWAZ,nan,,UR,VAIBHAV AGARWAL,UTT,UDHAM SINGH NAGAR,W
WBBEN09097,PASCHIM BANGA AWAZ,पश्चिम बंग आवाज़,62516.0,62516/ 95,PASCHIM BANGA AWAZ PUBLICATION,WB,BARDHAMAN/ ASANSOL,D
WBHIN01681,AWAZ,nan,150642.0,WBHIN/2019/78087,AWAZ PRAKASHAN PVT LTD,WB,BARDHAMAN/ ASANSOL,D
WBHIN01186,ASANSOL KI AWAZ,आसनसोल की आवाज़,27068.0,27068/ 75,CHITTARANJAN LAL GUPTA,WB,BARDHAMAN/ ASANSOL,W
WBHIN01685,DURGAPUR KI AWAZ,nan,155166.0,WBHIN/2022/82611,DILIP KUMAR SINGH,WB,BARDHMAN/ DURGAPUR,F
WBBEN15594,PROTIBADI AWAZ,nan,143456.0,WBBEN/2016/70901,SK SAHARUP ALI,WB,HOOGHLY,M
WBBEN09452,SATYER AWAZ,सत्येर आवाज़,68950.0,68950/ 97,KOLKATA CHURCH OF CHRIST,WB,KOLKATA,BM
WBPUN00011,QAUMI AWAZ,क़ौमी आवाज़,24631.0,24631/ 73,QAUMI AWAZ PUBLICATIONS,WB,KOLKATA,D
WBBEN07920,AWAZ-E-HUQ,आवाज़-ए-हक़,2783.0,2783/ 57,ASHRAF HUSSAIN QUADERI,WB,KOLKATA,M
WBHIN01655,KAIWART AWAZ,कैवर्त आवाज़,37349.0,37349/ 81,PUSHOTTAM KUMAR,WB,KOLKATA,M
WBBEN05776,SARBAHARAR AWAZ,सर्बहारार आवाज़,34753.0,34753/ 79,BASANT SINGH,WB,KOLKATA,M
WBBEN14913,SHRAMIKER AWAZ,श्रमिकेर आवाज़,129436.0,WBBEN/2014/56881,MD. QAMRUZZAMAN QAMAR,WB,KOLKATA,M
WBHIN01701,SOBAR AWAZ,nan,,UR,SHARDA SHAW,WB,SOUTH 24 PARGANAS,D
WBHIN01693,AWAZ AAP TAK,nan,158749.0,WBHIN/2023/86194,MD.ZAHIR,WB,SOUTH 24 PARGANAS,F
